AGE_deterministic_semi_multi_Cora_0,0.5577560522407654,0.5,0.6203266083236658,0.5,1.0,0.5448912698412698
labels_AGE_deterministic_semi_multi_Cora_0,0.8770658246894083,0.53,0.669753336587858,0.3724704772684399,0.53,0.4861974605510407
AGE_deterministic_semi_multi_ACM_0,0.3951910285178886,0.5,0.5469696482253866,0.5,1.0,0.29070238095238093
labels_AGE_deterministic_semi_multi_ACM_0,0.41620915032679734,0.52,0.39068432706822637,0.5682367149758454,0.52,0.33550415450258253
AGE_deterministic_semi_multi_IMDB_0,0.3661635180817243,0.5,0.5250566087872062,0.5,1.0,0.3413361164978812
labels_AGE_deterministic_semi_multi_IMDB_0,0.4606106552145827,0.33,0.3606241018719513,0.3471236230110159,0.33,0.27574797237718585
AGE_deterministic_semi_multi_CiteSeer_0,0.6232915816937832,0.5,0.6802499809924487,0.5,1.0,0.5790716619981325
labels_AGE_deterministic_semi_multi_CiteSeer_0,0.9073225897772456,0.79,0.7390962145125289,0.8059543010752688,0.79,0.7778275474353906
AGE_deterministic_semi_multi_photos_0,0.7927460347555082,0.5,0.7683384347045574,0.5,1.0,0.7897893964440758
labels_AGE_deterministic_semi_multi_photos_0,0.8407956811987286,0.38,0.4297219084241747,0.2349939393939394,0.38,0.2764560630939941
AGE_deterministic_semi_multi_computers_0,0.6811838938428321,0.5,0.680211778521898,0.5,1.0,0.6162900896496948
labels_AGE_deterministic_semi_multi_computers_0,0.6263810870351125,0.36,0.26961623657961553,0.4863061938061939,0.36,0.16241452991452993
AGE_deterministic_semi_multi_photos_1,0.8735389237662234,0.5,0.8445626664764028,0.5,1.0,0.8400924132244698
labels_AGE_deterministic_semi_multi_photos_1,0.8049530160773545,0.57,0.49135626041710184,0.4849707602339181,0.57,0.4762075836959738
GIN_deterministic_semi_multi_photos_1,0.7895834314687038,0.5,0.7446044705657945,0.5,1.0,0.7160010149582333
labels_GIN_deterministic_semi_multi_photos_1,0.9058608115844866,0.6,0.7321439389664179,0.72872668997669,0.6,0.5664696509948226
GIN_deterministic_semi_multi_photos_1,0.8149663748993548,0.5,0.7748176422581786,0.5,1.0,0.7546062730231247
labels_GIN_deterministic_semi_multi_photos_1,0.9372083729479643,0.58,0.7477117571380949,0.6772436974789916,0.58,0.4964346205962059

AGE_deterministic_semi_multi_Cora_0,0.5577560522407654,0.5,0.6203266083236658,0.5,1.0,0.5448912698412698
labels_AGE_deterministic_semi_multi_Cora_0,0.8770658246894083,0.53,0.669753336587858,0.3724704772684399,0.53,0.4861974605510407

AGE_deterministic_semi_multi_Cora_0,0.5577560522407654,0.5,0.6203266083236658,0.5,1.0,0.5448912698412698
labels_AGE_deterministic_semi_multi_Cora_0,0.8770658246894083,0.53,0.669753336587858,0.3724704772684399,0.53,0.4861974605510407

AGE_deterministic_semi_single_Cora_0,0.5507,0.55,0.5772500401530993,0.5595238095238095,0.47,0.625
labels_AGE_deterministic_semi_single_Cora_0,0.740494594815264,0.345,0.4008821102231182,0.2389734214734215,0.345,0.35194922579811483

AGE_deterministic_semi_single_Cora_0,0.5507,0.55,0.5772500401530993,0.5595238095238095,0.47,0.625
labels_AGE_deterministic_semi_single_Cora_0,0.740494594815264,0.345,0.4008821102231182,0.2389734214734215,0.345,0.35194922579811483

AGE_deterministic_semi_multi_Cora_3,0.7756393284308944,0.5,0.798758119428035,0.5,1.0,0.7385873015873016
labels_AGE_deterministic_semi_multi_Cora_3,0.577779622159244,0.17,0.2175939552983292,0.09309090909090909,0.17,0.1165916449498539

AGE_deterministic_semi_multi_Cora_3,0.7756393284308944,0.5,0.798758119428035,0.5,1.0,0.7385873015873016
labels_AGE_deterministic_semi_multi_Cora_3,0.577779622159244,0.17,0.2175939552983292,0.09309090909090909,0.17,0.1165916449498539

AGE_deterministic_semi_single_Cora_3,0.8549,0.73,0.8595450361650974,0.8709677419354839,0.54,0.9
labels_AGE_deterministic_semi_single_Cora_3,0.5488930332056903,0.175,0.18972564668369268,0.14930518119197364,0.175,0.11064522028742767

AGE_deterministic_semi_single_Cora_3,0.8549,0.73,0.8595450361650974,0.8709677419354839,0.54,0.9
labels_AGE_deterministic_semi_single_Cora_3,0.5488930332056903,0.175,0.18972564668369268,0.14930518119197364,0.175,0.11064522028742767

AGE_deterministic_semi_multi_ACM_0,0.3951910285178886,0.5,0.5469696482253866,0.5,1.0,0.29070238095238093
labels_AGE_deterministic_semi_multi_ACM_0,0.41620915032679734,0.52,0.39068432706822637,0.5682367149758454,0.52,0.33550415450258253

AGE_deterministic_semi_multi_ACM_0,0.3951910285178886,0.5,0.5469696482253866,0.5,1.0,0.29070238095238093
labels_AGE_deterministic_semi_multi_ACM_0,0.41620915032679734,0.52,0.39068432706822637,0.5682367149758454,0.52,0.33550415450258253

AGE_deterministic_semi_single_ACM_0,0.42010000000000003,0.48,0.44654422986851827,0.0,0.0,0.0
labels_AGE_deterministic_semi_single_ACM_0,0.4772767629363505,0.615,0.4705673971464352,0.6718043264503442,0.615,0.4162372019514877

AGE_deterministic_semi_single_ACM_0,0.42010000000000003,0.48,0.44654422986851827,0.0,0.0,0.0
labels_AGE_deterministic_semi_single_ACM_0,0.4772767629363505,0.615,0.4705673971464352,0.6718043264503442,0.615,0.4162372019514877

AGE_deterministic_semi_multi_ACM_3,0.9620648384353742,0.5350059523809524,0.9721766777199266,0.5234048174048174,1.0,0.9820833333333333
labels_AGE_deterministic_semi_multi_ACM_3,0.330718954248366,0.43,0.3416289689345957,0.47969924812030074,0.43,0.2758454106280193

AGE_deterministic_semi_multi_ACM_3,0.9620648384353742,0.5350059523809524,0.9721766777199266,0.5234048174048174,1.0,0.9820833333333333
labels_AGE_deterministic_semi_multi_ACM_3,0.330718954248366,0.43,0.3416289689345957,0.47969924812030074,0.43,0.2758454106280193

AGE_deterministic_semi_single_ACM_3,0.9698,0.895,0.9708923752361989,0.9647058823529412,0.82,1.0
labels_AGE_deterministic_semi_single_ACM_3,0.36444787864024136,0.51,0.37637784497060617,0.5552272727272727,0.51,0.3148148148148148

AGE_deterministic_semi_single_ACM_3,0.9698,0.895,0.9708923752361989,0.9647058823529412,0.82,1.0
labels_AGE_deterministic_semi_single_ACM_3,0.36444787864024136,0.51,0.37637784497060617,0.5552272727272727,0.51,0.3148148148148148

AGE_deterministic_semi_multi_IMDB_0,0.3661635180817243,0.5,0.5250566087872062,0.5,1.0,0.3413361164978812
labels_AGE_deterministic_semi_multi_IMDB_0,0.4606106552145827,0.33,0.3606241018719513,0.3471236230110159,0.33,0.27574797237718585

AGE_deterministic_semi_multi_IMDB_0,0.3661635180817243,0.5,0.5250566087872062,0.5,1.0,0.3413361164978812
labels_AGE_deterministic_semi_multi_IMDB_0,0.4606106552145827,0.33,0.3606241018719513,0.3471236230110159,0.33,0.27574797237718585

AGE_deterministic_semi_single_IMDB_0,0.3448,0.4,0.4020340410185871,0.3717948717948718,0.29,0.275
labels_AGE_deterministic_semi_single_IMDB_0,0.5805097843636925,0.485,0.4110005336067397,0.5041394335511983,0.485,0.43929754251203695

AGE_deterministic_semi_single_IMDB_0,0.3448,0.4,0.4020340410185871,0.3717948717948718,0.29,0.275
labels_AGE_deterministic_semi_single_IMDB_0,0.5805097843636925,0.485,0.4110005336067397,0.5041394335511983,0.485,0.43929754251203695

AGE_deterministic_semi_multi_IMDB_3,0.8936137201053539,0.51375,0.89691930524114,0.5121428571428571,1.0,0.9096008942038354
labels_AGE_deterministic_semi_multi_IMDB_3,0.5199624231600047,0.15,0.35571375220837975,0.12546419098143238,0.15,0.11310622587682496

AGE_deterministic_semi_multi_IMDB_3,0.8936137201053539,0.51375,0.89691930524114,0.5121428571428571,1.0,0.9096008942038354
labels_AGE_deterministic_semi_multi_IMDB_3,0.5199624231600047,0.15,0.35571375220837975,0.12546419098143238,0.15,0.11310622587682496

AGE_deterministic_semi_single_IMDB_3,0.9179,0.805,0.9312764478647605,0.9552238805970149,0.64,1.0
labels_AGE_deterministic_semi_single_IMDB_3,0.5244000054949187,0.18,0.34504947445439965,0.1706045081967213,0.18,0.13603400850212552

AGE_deterministic_semi_single_IMDB_3,0.9179,0.805,0.9312764478647605,0.9552238805970149,0.64,1.0
labels_AGE_deterministic_semi_single_IMDB_3,0.5244000054949187,0.18,0.34504947445439965,0.1706045081967213,0.18,0.13603400850212552


AGE_deterministic_semi_multi_CiteSeer_0,0.6232915816937832,0.5,0.6802499809924487,0.5,1.0,0.5790716619981325
labels_AGE_deterministic_semi_multi_CiteSeer_0,0.9073225897772456,0.79,0.7390962145125289,0.8059543010752688,0.79,0.7778275474353906

AGE_deterministic_semi_multi_CiteSeer_0,0.6232915816937832,0.5,0.6802499809924487,0.5,1.0,0.5790716619981325
labels_AGE_deterministic_semi_multi_CiteSeer_0,0.9073225897772456,0.79,0.7390962145125289,0.8059543010752688,0.79,0.7778275474353906

AGE_deterministic_semi_single_CiteSeer_0,0.6831,0.62,0.7207206811943407,0.6071428571428571,0.68,0.8
labels_AGE_deterministic_semi_single_CiteSeer_0,0.9115040198048981,0.78,0.7821640332303766,0.7899866096866097,0.78,0.7710891238710467

AGE_deterministic_semi_single_CiteSeer_0,0.6831,0.62,0.7207206811943407,0.6071428571428571,0.68,0.8
labels_AGE_deterministic_semi_single_CiteSeer_0,0.9115040198048981,0.78,0.7821640332303766,0.7899866096866097,0.78,0.7710891238710467

AGE_deterministic_semi_multi_CiteSeer_3,0.9297141788147564,0.5134815115440116,0.940370006402924,0.507480816505595,0.998,0.9472261904761905
labels_AGE_deterministic_semi_multi_CiteSeer_3,0.6665371416765941,0.19,0.29527879907411614,0.23821428571428574,0.19,0.10437710437710439

AGE_deterministic_semi_multi_CiteSeer_3,0.9297141788147564,0.5134815115440116,0.940370006402924,0.507480816505595,0.998,0.9472261904761905
labels_AGE_deterministic_semi_multi_CiteSeer_3,0.6665371416765941,0.19,0.29527879907411614,0.23821428571428574,0.19,0.10437710437710439

AGE_deterministic_semi_single_CiteSeer_3,0.905,0.86,0.907514988320394,0.95,0.76,0.925
labels_AGE_deterministic_semi_single_CiteSeer_3,0.5893889148927458,0.185,0.2511963355370321,0.19505505364201015,0.185,0.09752928592303385

AGE_deterministic_semi_single_CiteSeer_3,0.905,0.86,0.907514988320394,0.95,0.76,0.925
labels_AGE_deterministic_semi_single_CiteSeer_3,0.5893889148927458,0.185,0.2511963355370321,0.19505505364201015,0.185,0.09752928592303385


AGE_deterministic_semi_multi_photos_0,0.7927460347555082,0.5,0.7683384347045574,0.5,1.0,0.7897893964440758
labels_AGE_deterministic_semi_multi_photos_0,0.8407956811987286,0.38,0.4297219084241747,0.2349939393939394,0.38,0.2764560630939941

AGE_deterministic_semi_multi_photos_0,0.7927460347555082,0.5,0.7683384347045574,0.5,1.0,0.7897893964440758
labels_AGE_deterministic_semi_multi_photos_0,0.8407956811987286,0.38,0.4297219084241747,0.2349939393939394,0.38,0.2764560630939941

AGE_deterministic_semi_single_photos_0,0.8458999999999999,0.71,0.8363119156652064,0.6458333333333334,0.93,0.85
labels_AGE_deterministic_semi_single_photos_0,0.8631697135073122,0.475,0.48857601415731394,0.5278815411527675,0.475,0.398480622692596

AGE_deterministic_semi_single_photos_0,0.8458999999999999,0.71,0.8363119156652064,0.6458333333333334,0.93,0.85
labels_AGE_deterministic_semi_single_photos_0,0.8631697135073122,0.475,0.48857601415731394,0.5278815411527675,0.475,0.398480622692596

AGE_deterministic_semi_multi_photos_3,0.8638049342320707,0.5,0.8315739261625529,0.5,1.0,0.8311709470375126
labels_AGE_deterministic_semi_multi_photos_3,0.42875873126464714,0.07,0.1133584605707385,0.014997124784358827,0.07,0.03293135435992579

AGE_deterministic_semi_multi_photos_3,0.8638049342320707,0.5,0.8315739261625529,0.5,1.0,0.8311709470375126
labels_AGE_deterministic_semi_multi_photos_3,0.42875873126464714,0.07,0.1133584605707385,0.014997124784358827,0.07,0.03293135435992579

AGE_deterministic_semi_single_photos_3,0.9582,0.9,0.9593482426269698,0.8846153846153846,0.92,0.975
labels_AGE_deterministic_semi_single_photos_3,0.44143929903947754,0.085,0.11471880775121603,0.018529411764705885,0.085,0.03788888888888889

AGE_deterministic_semi_single_photos_3,0.9582,0.9,0.9593482426269698,0.8846153846153846,0.92,0.975
labels_AGE_deterministic_semi_single_photos_3,0.44143929903947754,0.085,0.11471880775121603,0.018529411764705885,0.085,0.03788888888888889


AGE_deterministic_semi_multi_computers_0,0.6811838938428321,0.5,0.680211778521898,0.5,1.0,0.6162900896496948
labels_AGE_deterministic_semi_multi_computers_0,0.6263810870351125,0.36,0.26961623657961553,0.4863061938061939,0.36,0.16241452991452993

AGE_deterministic_semi_multi_computers_0,0.6811838938428321,0.5,0.680211778521898,0.5,1.0,0.6162900896496948
labels_AGE_deterministic_semi_multi_computers_0,0.6263810870351125,0.36,0.26961623657961553,0.4863061938061939,0.36,0.16241452991452993

AGE_deterministic_semi_single_computers_0,0.6584000000000001,0.61,0.7410023989162637,0.6170212765957447,0.58,0.925
labels_AGE_deterministic_semi_single_computers_0,0.8042532514262339,0.38,0.28056964566857506,0.4879033494753835,0.38,0.19931397812081234

AGE_deterministic_semi_single_computers_0,0.6584000000000001,0.61,0.7410023989162637,0.6170212765957447,0.58,0.925
labels_AGE_deterministic_semi_single_computers_0,0.8042532514262339,0.38,0.28056964566857506,0.4879033494753835,0.38,0.19931397812081234

AGE_deterministic_semi_multi_computers_3,0.8536975491849065,0.5,0.8295945849960971,0.5,1.0,0.8552427050230583
labels_AGE_deterministic_semi_multi_computers_3,0.45737531213672594,0.03,0.11874140291838313,0.011728201099764336,0.03,0.016274509803921568

AGE_deterministic_semi_multi_computers_3,0.8536975491849065,0.5,0.8295945849960971,0.5,1.0,0.8552427050230583
labels_AGE_deterministic_semi_multi_computers_3,0.45737531213672594,0.03,0.11874140291838313,0.011728201099764336,0.03,0.016274509803921568

AGE_deterministic_semi_single_computers_3,0.9138999999999999,0.82,0.9094416095479219,0.7909090909090909,0.87,0.925
labels_AGE_deterministic_semi_single_computers_3,0.492369274545333,0.04,0.10851183466758743,0.024250541125541127,0.04,0.025098251795636267

AGE_deterministic_semi_single_computers_3,0.9138999999999999,0.82,0.9094416095479219,0.7909090909090909,0.87,0.925
labels_AGE_deterministic_semi_single_computers_3,0.492369274545333,0.04,0.10851183466758743,0.024250541125541127,0.04,0.025098251795636267
٪٪٪٪٪٪٪٪٪٪٪٪٪٪٪٪٪٪٪٪٪٪٪٪٪٪٪٪٪٪٪٪٪٪٪٪٪٪٪
just labels or links without features
GIN_deterministic_semi_multi_Cora_0,0.4555207622739051,0.5,0.546209630054455,0.5,1.0,0.4287547619047619
labels_GIN_deterministic_semi_multi_Cora_0,0.8586813243457883,0.47,0.6021229293374208,0.3578608058608059,0.47,0.47879360782586583
GIN_deterministic_semi_multi_Cora_3,0.7125157526249072,0.501,0.7528395736791713,0.5005555555555555,1.0,0.7014047619047619
labels_GIN_deterministic_semi_multi_Cora_3,0.5115602948234195,0.26,0.17019810703523838,0.12845183290707587,0.26,0.10456191008219853
GIN_deterministic_semi_multi_ACM_0,0.46919163241685563,0.5,0.6330490555737709,0.5,1.0,0.4657142857142857
labels_GIN_deterministic_semi_multi_ACM_0,0.36568627450980395,0.38,0.38179857717956106,0.7222222222222223,0.38,0.20884713251125464
GIN_deterministic_semi_multi_ACM_3,0.9380586096938776,0.516547619047619,0.950664371956303,0.5125375735375736,1.0,0.9527380952380953
labels_GIN_deterministic_semi_multi_ACM_3,0.3667973856209151,0.37,0.3873893119510347,0.7647058823529411,0.37,0.21646172593331117
GIN_deterministic_semi_multi_IMDB_0,0.5364013024251131,0.5,0.6273739860088678,0.5,1.0,0.5421017919988508
labels_GIN_deterministic_semi_multi_IMDB_0,0.43045040977488686,0.25,0.34329533495336545,0.17314814814814813,0.25,0.22120905099628504
GIN_deterministic_semi_multi_IMDB_3,0.8284498244895937,0.5032235576923076,0.8640280048798612,0.5017805788982259,1.0,0.8690540293040293
labels_GIN_deterministic_semi_multi_IMDB_3,0.5935386451263759,0.42,0.4158319016007261,0.40861184792219274,0.42,0.26282307931847504
GIN_deterministic_semi_multi_CiteSeer_0,0.41608428638871237,0.5,0.5102889078859572,0.5,1.0,0.28250256769374416
labels_GIN_deterministic_semi_multi_CiteSeer_0,0.9578701114233451,0.87,0.892875827669287,0.8737962695199538,0.87,0.8580562397372741
GIN_deterministic_semi_multi_CiteSeer_3,0.8790209677199442,0.5095735930735931,0.885068095925893,0.5074147565748529,1.0,0.8825576563958917
labels_GIN_deterministic_semi_multi_CiteSeer_3,0.4984867572619353,0.23,0.22819329724660295,0.20706329897819262,0.23,0.12103894794457408
GIN_deterministic_semi_multi_photos_0,0.6247125090213808,0.5,0.6036900100498429,0.5,1.0,0.5558178460748895
labels_GIN_deterministic_semi_multi_photos_0,0.7118887500612966,0.45,0.3694581245085716,0.5631077694235589,0.45,0.36985724114207086
GIN_deterministic_semi_multi_photos_3,0.8101906604397925,0.5,0.733669848214839,0.5,1.0,0.6858660082181879
labels_GIN_deterministic_semi_multi_photos_3,0.49610206980836546,0.16,0.1949004889345679,0.044453781512605046,0.16,0.06969246031746032
GIN_deterministic_semi_multi_computers_0,0.5136453864160685,0.5,0.5079458954440579,0.5,1.0,0.4268957791798427
labels_GIN_deterministic_semi_multi_computers_0,0.6476130835200545,0.3,0.2651583210083652,0.5051904761904762,0.3,0.16392816742081448
GIN_deterministic_semi_multi_computers_3,0.7553338075813646,0.5,0.701462813340001,0.5,1.0,0.6614285068770955
labels_GIN_deterministic_semi_multi_computers_3,0.39416395788069825,0.19,0.1082910994053359,0.04042553191489361,0.19,0.03333333333333333
٪٪٪٪٪٪٪٪٪٪٪٪٪٪٪٪٪٪٪٪٪٪٪٪٪٪٪٪٪٪٪٪٪٪٪٪٪٪٪
ours-final results
GIN_deterministic_semi_single_Cora_1,0.8016000000000001,0.65,0.8080532739094,0.8571428571428571,0.36,0.875,0
labels_GIN_deterministic_semi_single_Cora_1,0.9176889236925909,0.76,0.8076498407873375,0.7736873341891313,0.76,0.7602894623113066
GIN_deterministic_semi_single_Cora_1,0.8016000000000001,0.65,0.8080532739094,0.8571428571428571,0.36,0.875,0
labels_GIN_deterministic_semi_single_Cora_1,0.9176889236925909,0.76,0.8076498407873375,0.7736873341891313,0.76,0.7602894623113066
GIN_deterministic_semi_multi_Cora_1,0.6713204016351857,0.668504611033074,0.7045328726328984,0.6755437697823612,0.8138761619995016,0.6397079365079366,0
labels_GIN_deterministic_semi_multi_Cora_1,0.956237432191981,0.87,0.8838653395826969,0.8701154269273081,0.87,0.8633401141717572
GIN_deterministic_semi_multi_Cora_1,0.6713204016351857,0.668504611033074,0.7045328726328984,0.6755437697823612,0.8138761619995016,0.6397079365079366,0
labels_GIN_deterministic_semi_multi_Cora_1,0.956237432191981,0.87,0.8838653395826969,0.8701154269273081,0.87,0.8633401141717572
GIN_deterministic_semi_single_ACM_1,0.9737,0.89,0.9782261988776821,0.9875,0.79,1.0,0
labels_GIN_deterministic_semi_single_ACM_1,0.42540000928640237,0.62,0.4064830275306735,0.6443524203069657,0.62,0.41114223467164646
GIN_deterministic_semi_single_ACM_1,0.9737,0.89,0.9782261988776821,0.9875,0.79,1.0,0
labels_GIN_deterministic_semi_single_ACM_1,0.42540000928640237,0.62,0.4064830275306735,0.6443524203069657,0.62,0.41114223467164646
GIN_deterministic_semi_multi_ACM_1,0.9668914914808516,0.7912857142857143,0.9722435968239277,0.794390323728559,0.6524880952380953,0.8270833333333333,0
labels_GIN_deterministic_semi_multi_ACM_1,0.3233333333333333,0.4,0.32883816182042563,0.39831569363832936,0.4,0.194647201946472
GIN_deterministic_semi_multi_ACM_1,0.9668914914808516,0.7912857142857143,0.9722435968239277,0.794390323728559,0.6524880952380953,0.8270833333333333,0
labels_GIN_deterministic_semi_multi_ACM_1,0.3233333333333333,0.4,0.32883816182042563,0.39831569363832936,0.4,0.194647201946472
GIN_deterministic_semi_single_IMDB_1,0.9191,0.8,0.9124570083998338,0.9285714285714286,0.65,0.95,0
labels_GIN_deterministic_semi_single_IMDB_1,0.6923128024787454,0.545,0.48428740245652663,0.5860711251365457,0.545,0.5005775307834804
GIN_deterministic_semi_single_IMDB_1,0.9191,0.8,0.9124570083998338,0.9285714285714286,0.65,0.95,0
labels_GIN_deterministic_semi_single_IMDB_1,0.6923128024787454,0.545,0.48428740245652663,0.5860711251365457,0.545,0.5005775307834804
GIN_deterministic_semi_multi_IMDB_1,0.8607799767976295,0.7219025365199934,0.8799725099767772,0.713124981050047,0.7225805198154336,0.8047148064353947,0
labels_GIN_deterministic_semi_multi_IMDB_1,0.4445110068626179,0.36,0.3095633982780888,0.35828800601579147,0.36,0.2420168067226891
GIN_deterministic_semi_multi_IMDB_1,0.8607799767976295,0.7219025365199934,0.8799725099767772,0.713124981050047,0.7225805198154336,0.8047148064353947,0
labels_GIN_deterministic_semi_multi_IMDB_1,0.4445110068626179,0.36,0.3095633982780888,0.35828800601579147,0.36,0.2420168067226891
GIN_deterministic_semi_single_CiteSeer_1,0.9155,0.825,0.9218015141477061,0.922077922077922,0.71,0.95,0
labels_GIN_deterministic_semi_single_CiteSeer_1,0.9402140189666078,0.855,0.8469699170324491,0.8599118338557994,0.855,0.8551771554435065
GIN_deterministic_semi_single_CiteSeer_1,0.9155,0.825,0.9218015141477061,0.922077922077922,0.71,0.95,0
labels_GIN_deterministic_semi_single_CiteSeer_1,0.9402140189666078,0.855,0.8469699170324491,0.8599118338557994,0.855,0.8551771554435065
GIN_deterministic_semi_multi_CiteSeer_1,0.9126411127213426,0.813772737883032,0.917063151932871,0.8761073625019777,0.7716234615058144,0.9058653127917834,0
labels_GIN_deterministic_semi_multi_CiteSeer_1,0.9412030937742646,0.81,0.8580066639948433,0.8100775148943465,0.81,0.8033779278152872
GIN_deterministic_semi_multi_CiteSeer_1,0.9126411127213426,0.813772737883032,0.917063151932871,0.8761073625019777,0.7716234615058144,0.9058653127917834,0
labels_GIN_deterministic_semi_multi_CiteSeer_1,0.9412030937742646,0.81,0.8580066639948433,0.8100775148943465,0.81,0.8033779278152872
GIN_deterministic_semi_single_photos_1,0.8990999999999999,0.73,0.8963272585776247,0.896551724137931,0.52,0.925,0
labels_GIN_deterministic_semi_single_photos_1,0.9498531744683562,0.795,0.875151649740797,0.8558713450292399,0.795,0.7850714715710846
GIN_deterministic_semi_single_photos_1,0.8990999999999999,0.73,0.8963272585776247,0.896551724137931,0.52,0.925,0
labels_GIN_deterministic_semi_single_photos_1,0.9498531744683562,0.795,0.875151649740797,0.8558713450292399,0.795,0.7850714715710846
GIN_deterministic_semi_multi_photos_1,0.7792078619452171,0.7819262404244813,0.7228573597564865,0.7654939169239244,0.8764704399432149,0.6678016433220008,0
labels_GIN_deterministic_semi_multi_photos_1,0.9257388003263914,0.53,0.6838765986177833,0.5307296474069314,0.53,0.42867660299607485
GIN_deterministic_semi_multi_photos_1,0.7792078619452171,0.7819262404244813,0.7228573597564865,0.7654939169239244,0.8764704399432149,0.6678016433220008,0
labels_GIN_deterministic_semi_multi_photos_1,0.9257388003263914,0.53,0.6838765986177833,0.5307296474069314,0.53,0.42867660299607485
GIN_deterministic_semi_single_computers_1,0.9012,0.63,0.8668655212816346,0.8823529411764706,0.3,0.8823529411764706,0
labels_GIN_deterministic_semi_single_computers_1,0.9183745218635296,0.69,0.711877305244436,0.7012643307039638,0.69,0.5330097279628522
GIN_deterministic_semi_single_computers_1,0.9012,0.63,0.8668655212816346,0.8823529411764706,0.3,0.8823529411764706,0
labels_GIN_deterministic_semi_single_computers_1,0.9183745218635296,0.69,0.711877305244436,0.7012643307039638,0.69,0.5330097279628522
GIN_deterministic_semi_multi_computers_1,0.7996736061594212,0.7670154795408038,0.7529939120408794,0.752885383523635,0.8490470017658629,0.7531697454164556,0
labels_GIN_deterministic_semi_multi_computers_1,0.8223890673454983,0.71,0.703896039154957,0.7107748588812369,0.71,0.4381601731601731
GIN_deterministic_semi_multi_computers_1,0.7996736061594212,0.7670154795408038,0.7529939120408794,0.752885383523635,0.8490470017658629,0.7531697454164556,0
labels_GIN_deterministic_semi_multi_computers_1,0.8223890673454983,0.71,0.703896039154957,0.7107748588812369,0.71,0.4381601731601731
&&&&&&&&&&&&&&&&&&&&&&&&&
GIN_deterministic_semi_single_Cora_4,0.7175,0.64,0.703157354649058,0.7258064516129032,0.45,0.75,0
labels_GIN_deterministic_semi_single_Cora_4,0.9382040565691347,0.84,0.8317308014992012,0.849665404040404,0.84,0.8369474467838226
GIN_deterministic_semi_multi_Cora_4,0.6637670256883217,0.6539795563386644,0.694386779533884,0.6636371391541757,0.8300235802043202,0.6422753968253968,0
labels_GIN_deterministic_semi_multi_Cora_4,0.9573810813304512,0.89,0.8696286058083276,0.8900098154611841,0.89,0.8843256433007987
GIN_deterministic_semi_single_ACM_4,0.9608,0.875,0.9504968106794117,0.9746835443037974,0.77,0.975,0
labels_GIN_deterministic_semi_single_ACM_4,0.4201309109841545,0.615,0.40462269972379167,0.6294791923171633,0.615,0.3993882091212459
GIN_deterministic_semi_multi_ACM_4,0.9333183106575964,0.7667996031746032,0.9500325289576838,0.7590083948559181,0.6571825396825397,0.807797619047619,0
labels_GIN_deterministic_semi_multi_ACM_4,0.3,0.39,0.3085743967455015,0.38835780129737113,0.39,0.1897810218978102
GIN_deterministic_semi_single_IMDB_4,0.9030000000000001,0.735,0.9063011804903621,0.9607843137254902,0.49,0.975,0
labels_GIN_deterministic_semi_single_IMDB_4,0.7063234712971065,0.58,0.5183908280127488,0.6147458628841608,0.58,0.5493871700951213
GIN_deterministic_semi_multi_IMDB_4,0.8273613972812555,0.700283907663218,0.8607661621326814,0.6968691479046751,0.7238894290575325,0.7936311858076563,0
labels_GIN_deterministic_semi_multi_IMDB_4,0.4939124039392553,0.35,0.3328212746609694,0.3483907590759076,0.35,0.2367892976588629
GIN_deterministic_semi_single_CiteSeer_4,0.9301,0.79,0.9247739772214576,0.9027777777777778,0.65,0.975,0
labels_GIN_deterministic_semi_single_CiteSeer_4,0.9535007216170364,0.84,0.8676440009257956,0.8531352630994371,0.84,0.8460893074650583
GIN_deterministic_semi_multi_CiteSeer_4,0.9007287305154826,0.8094957558781088,0.8963087428105275,0.870973211468387,0.77567901706137,0.8949012605042017,0
labels_GIN_deterministic_semi_multi_CiteSeer_4,0.9555132333161368,0.83,0.8717237910328404,0.8301240924092409,0.83,0.8412301438969507
GIN_deterministic_semi_single_photos_4,0.9143,0.73,0.8982380674698172,0.9107142857142857,0.51,0.95,0
labels_GIN_deterministic_semi_single_photos_4,0.9673197325726571,0.82,0.9143081601441425,0.8696475277575659,0.82,0.8134484429181704
GIN_deterministic_semi_multi_photos_4,0.7874083759435863,0.788658046414662,0.7472696227295709,0.7796646805571996,0.8849771200099207,0.710721804104584,0
labels_GIN_deterministic_semi_multi_photos_4,0.9433231093995775,0.7,0.8074747067954295,0.7004162055911474,0.7,0.6915752412075942
GIN_deterministic_semi_single_computers_4,0.8876999999999999,0.76,0.8789808031467201,0.8170731707317073,0.67,0.925,0
labels_GIN_deterministic_semi_single_computers_4,0.9301205992958789,0.665,0.6842155750901603,0.7032672754946726,0.665,0.506473305980946
GIN_deterministic_semi_multi_computers_4,0.7311034268972156,0.7356643164674729,0.677662591161172,0.7153759267759562,0.8630554365926738,0.6232016805145821,0
labels_GIN_deterministic_semi_multi_computers_4,0.7658294681508967,0.45,0.5436484785487099,0.450973383052591,0.45,0.1987613215047292
********************************************************
gat results
Trans_GAT_deterministic_semi_single_Cora_0,0.566,0.56,0.5589023201037411,0.546875,0.7,0.55,0
labels_Trans_GAT_deterministic_semi_single_Cora_0,0.8617061187147235,0.51,0.6283835226725542,0.36557431457431455,0.51,0.5294656629631999
Ind_GAT_deterministic_semi_multi_Cora_0,0.4852893057546057,0.5199264692191637,0.5636066027519019,0.5228082991607447,0.8231779820432572,0.4715761904761905,0
labels_Ind_GAT_deterministic_semi_multi_Cora_0,0.893263846935629,0.58,0.6791705318491033,0.5764226579520697,0.58,0.6440345368916798
Trans_GAT_deterministic_semi_multi_Cora_0,0.4852893057546057,0.5199264692191637,0.5636066027519019,0.5228082991607447,0.8231779820432572,0.4715761904761905,0
labels_Trans_GAT_deterministic_semi_multi_Cora_0,0.893263846935629,0.58,0.6791705318491033,0.5764226579520697,0.58,0.6440345368916798
Ind_GAT_deterministic_semi_single_Cora_3,0.8728,0.77,0.8927304984989455,0.8857142857142857,0.62,0.95,0
labels_Ind_GAT_deterministic_semi_single_Cora_3,0.49683955499992655,0.14,0.18058892630842077,0.2308695652173913,0.14,0.057315233785822026
Trans_GAT_deterministic_semi_single_Cora_3,0.8728,0.77,0.8927304984989455,0.8857142857142857,0.62,0.95,0
labels_Trans_GAT_deterministic_semi_single_Cora_3,0.49683955499992655,0.14,0.18058892630842077,0.2308695652173913,0.14,0.057315233785822026
Ind_GAT_deterministic_semi_multi_Cora_3,0.742834564396345,0.7262388403553015,0.7990280905886333,0.7723386855366537,0.8015208133106615,0.7820095238095238,0
labels_Ind_GAT_deterministic_semi_multi_Cora_3,0.6041994907552443,0.18,0.30889339084944695,0.1804931669637552,0.18,0.07992202729044832
Trans_GAT_deterministic_semi_multi_Cora_3,0.742834564396345,0.7262388403553015,0.7990280905886333,0.7723386855366537,0.8015208133106615,0.7820095238095238,0
labels_Trans_GAT_deterministic_semi_multi_Cora_3,0.6041994907552443,0.18,0.30889339084944695,0.1804931669637552,0.18,0.07992202729044832
Ind_GAT_deterministic_semi_single_ACM_0,0.3652,0.42,0.43170596644229786,0.4090909090909091,0.36,0.4,0
labels_Ind_GAT_deterministic_semi_single_ACM_0,0.5841646414014835,0.84,0.5958434781788436,0.8874011299435028,0.84,0.5706521739130435
Trans_GAT_deterministic_semi_single_ACM_0,0.3652,0.42,0.43170596644229786,0.4090909090909091,0.36,0.4,0
labels_Trans_GAT_deterministic_semi_single_ACM_0,0.5841646414014835,0.84,0.5958434781788436,0.8874011299435028,0.84,0.5706521739130435
Ind_GAT_deterministic_semi_multi_ACM_0,0.3803917091836735,0.4185357142857143,0.5638209453570835,0.38343493507961784,0.598202380952381,0.23095238095238094,0
labels_Ind_GAT_deterministic_semi_multi_ACM_0,0.35112362661704766,0.24,0.3624764856296534,0.24652100840336133,0.24,0.16876310272536688
Trans_GAT_deterministic_semi_multi_ACM_0,0.3803917091836735,0.4185357142857143,0.5638209453570835,0.38343493507961784,0.598202380952381,0.23095238095238094,0
labels_Trans_GAT_deterministic_semi_multi_ACM_0,0.35112362661704766,0.24,0.3624764856296534,0.24652100840336133,0.24,0.16876310272536688
Ind_GAT_deterministic_semi_single_ACM_3,0.9843999999999999,0.92,0.9854525646662223,0.9772727272727273,0.86,1.0,0
labels_Ind_GAT_deterministic_semi_single_ACM_3,0.3133129541024278,0.39,0.34665030214307196,0.756144578313253,0.39,0.21721422753190334
Trans_GAT_deterministic_semi_single_ACM_3,0.9843999999999999,0.92,0.9854525646662223,0.9772727272727273,0.86,1.0,0
labels_Trans_GAT_deterministic_semi_single_ACM_3,0.3133129541024278,0.39,0.34665030214307196,0.756144578313253,0.39,0.21721422753190334
Ind_GAT_deterministic_semi_multi_ACM_3,0.9685090277777778,0.7781547619047618,0.9692466863631725,0.7341031746031746,0.6069761904761904,0.745,0
labels_Ind_GAT_deterministic_semi_multi_ACM_3,0.33093360505641206,0.56,0.35271162868618305,0.5643424198947872,0.56,0.281663061763999
Trans_GAT_deterministic_semi_multi_ACM_3,0.9685090277777778,0.7781547619047618,0.9692466863631725,0.7341031746031746,0.6069761904761904,0.745,0
labels_Trans_GAT_deterministic_semi_multi_ACM_3,0.33093360505641206,0.56,0.35271162868618305,0.5643424198947872,0.56,0.281663061763999
Ind_GAT_deterministic_semi_single_Cora_1,0.77,0.74,0.8127302925260687,0.8529411764705882,0.58,0.9,0
labels_Ind_GAT_deterministic_semi_single_Cora_1,0.8647828612120133,0.77,0.6450848304743015,0.7858353240961936,0.77,0.7442711532773645
Ind_GAT_deterministic_semi_single_Cora_1,0.91,0.95,0.9526315789473684,1.0,0.9,1.0,0
labels_Ind_GAT_deterministic_semi_single_Cora_1,0.9792815371762741,0.9,0.9238095238095237,0.9166666666666666,0.9,0.9317460317460319
Ind_GAT_deterministic_semi_single_Cora_1,0.8391,0.755,0.8456795438792255,0.7802197802197802,0.71,0.9,0
labels_Ind_GAT_deterministic_semi_single_Cora_1,0.7643532042997104,0.65,0.43886343673620487,0.6257443753533068,0.65,0.554439487062197
Ind_GAT_deterministic_semi_single_Cora_1,0.8639,0.775,0.8724652438698904,0.9230769230769231,0.6,0.925,0
labels_Ind_GAT_deterministic_semi_single_Cora_1,0.8631480168381012,0.705,0.6097644798576517,0.7241198214024301,0.705,0.7003202320429213
Ind_GAT_deterministic_semi_single_Cora_1,0.8472,0.75,0.8560371324960734,0.890625,0.57,0.925,0
labels_Ind_GAT_deterministic_semi_single_Cora_1,0.8153168270653277,0.59,0.5413741361317996,0.638233851116204,0.59,0.5836718759179451
Ind_GAT_deterministic_semi_single_Cora_1,0.7183,0.615,0.7052720513881743,0.7804878048780488,0.32,0.8,0
labels_Ind_GAT_deterministic_semi_single_Cora_1,0.5790029801791067,0.19,0.21321759589728947,0.07492829457364342,0.19,0.11847398662852525
Ind_GAT_deterministic_semi_single_Cora_1,0.8391,0.745,0.8579627940759165,0.9016393442622951,0.55,0.925,0
labels_Ind_GAT_deterministic_semi_single_Cora_1,0.8117332375900583,0.5,0.5155081724714119,0.5422110385529504,0.5,0.4981944988872252
Ind_GAT_deterministic_semi_single_Cora_1,1.0,1.0,1.0,1.0,1.0,1.0,0
labels_Ind_GAT_deterministic_semi_single_Cora_1,1.0,0.5,0.14285714285714285,1.0,0.5,0.09523809523809523
Ind_GAT_deterministic_semi_single_IMDB_1,1.0,0.5,1.0,0.0,0.0,0.0,0
labels_Ind_GAT_deterministic_semi_single_IMDB_1,1.0,1.0,0.6666666666666666,1.0,1.0,0.6666666666666666
Ind_GAT_deterministic_semi_single_CiteSeer_1,1.0,1.0,1.0,1.0,1.0,1.0,0
labels_Ind_GAT_deterministic_semi_single_CiteSeer_1,0.875,0.5,0.25,0.5,0.5,0.16666666666666666
Ind_GAT_deterministic_semi_single_photos_1,1.0,1.0,1.0,1.0,1.0,1.0,0
labels_Ind_GAT_deterministic_semi_single_photos_1,1.0,1.0,0.25,1.0,1.0,0.25
Ind_GAT_deterministic_semi_single_computers_1,1.0,1.0,1.0,1.0,1.0,1.0,0
labels_Ind_GAT_deterministic_semi_single_computers_1,1.0,1.0,0.2,1.0,1.0,0.2
Ind_GAT_deterministic_semi_single_Cora_1,1.0,1.0,1.0,1.0,1.0,1.0,0
labels_Ind_GAT_deterministic_semi_single_Cora_1,1.0,0.5,0.14285714285714285,1.0,0.5,0.09523809523809523
Ind_GIN_deterministic_semi_single_Cora_1,1.0,0.5,1.0,0.0,0.0,0.0,0
labels_Ind_GIN_deterministic_semi_single_Cora_1,1.0,1.0,0.14285714285714285,1.0,1.0,0.14285714285714285
Ind_GAT_deterministic_semi_multi_Cora_1_mean,0.7359142659575997,0.7156146340745487,0.7727208407694693,0.7329932255088445,0.8164397163557505,0.7133412698412699,0.7539005608800295
Ind_GAT_deterministic_semi_multi_Cora_1_std,0.8536921768877327,0.52,0.6284783622589367,0.520028644622704,0.52,0.49864101089664997
labels_Ind_GAT_deterministic_semi_multi_Cora_1,0.8536921768877327,0.52,0.6284783622589367,0.520028644622704,0.52,0.49864101089664997
#########
rebuttal
Ind_GAT_deterministic_semi_multi_Cora_1_mean,0.7359142659575997,0.7156146340745487,0.7727208407694693,0.7329932255088445,0.8164397163557505,0.7133412698412699,0.7539005608800295
Ind_GAT_deterministic_semi_multi_Cora_1_std,0.25578604177502356,0.16580581403282166,0.20694234580891008,0.19306921062573695,0.08472323525173715,0.3651592737798211,0.22557490968094615
labels_Ind_GAT_deterministic_semi_multi_Cora_1,0.8536921768877327,0.52,0.6284783622589367,0.520028644622704,0.52,0.49864101089664997
Ind_GAT_deterministic_semi_multi_ACM_1_mean,0.9122065999779542,0.7512916666666667,0.9348078121150717,0.7492905642116169,0.6478928571428572,0.7771428571428571,0.926175261991561
Ind_GAT_deterministic_semi_multi_ACM_1_std,0.20344663924819942,0.18471664823506162,0.13870803212670657,0.3651425237367723,0.30210378161847457,0.39502506472259136,0.16086343147552437
labels_Ind_GAT_deterministic_semi_multi_ACM_1,0.6680392156862744,0.51,0.4613497184579028,0.5110694299243589,0.51,0.34252574269144276
Ind_GAT_deterministic_semi_multi_IMDB_1_mean,0.833160076320049,0.7034504251734855,0.8593229353580049,0.6866582171530021,0.7233303920696162,0.7770249946132299,0.8491095292718589
Ind_GAT_deterministic_semi_multi_IMDB_1_std,0.20203187034161021,0.15547899858963554,0.15958869970384673,0.28311212212679265,0.26183779326702883,0.35454896340985803,0.175131182119286
labels_Ind_GAT_deterministic_semi_multi_IMDB_1,0.5422639826208533,0.23,0.3986950053757452,0.23375655212580082,0.23,0.2178375035517893
Ind_GAT_deterministic_semi_multi_CiteSeer_1_mean,0.9124086194942921,0.8329617816823699,0.9293007957601346,0.9133635672241371,0.7752863296833885,0.9122124183006536,0.9210166347015877
Ind_GAT_deterministic_semi_multi_CiteSeer_1_std,0.19824265463978946,0.14816610029325794,0.1412164363783427,0.16302248799919006,0.14697613023467904,0.2503163749898288,0.1639376839940921
labels_Ind_GAT_deterministic_semi_multi_CiteSeer_1,0.9197439158992475,0.8,0.8218236806417653,0.8001245124512452,0.8,0.8110666165694629
Ind_GAT_deterministic_semi_multi_photos_1_mean,0.8973246309688012,0.862744000837391,0.8539990602982608,0.8743925200751252,0.8687781788327161,0.8429748081801572,0.8519346785840034
Ind_GAT_deterministic_semi_multi_photos_1_std,0.11575891597704607,0.08930183327117322,0.14434813658216916,0.11242254459725824,0.06784906176702296,0.18386664651382387,0.1451957077811542
labels_Ind_GAT_deterministic_semi_multi_photos_1,0.9339742649425296,0.7,0.7728037880922496,0.700824534942182,0.7,0.6376053770790613
Ind_GAT_deterministic_semi_multi_computers_1_mean,0.859442460075191,0.8397887985925842,0.8193863375787142,0.8367138468337154,0.88744178602444,0.8080387138143071,0.816464816126819
Ind_GAT_deterministic_semi_multi_computers_1_std,0.15612210433290466,0.11096055517396591,0.1660881466928335,0.13633057709602708,0.07086212316776799,0.20989981309717018,0.16767900114011466
labels_Ind_GAT_deterministic_semi_multi_computers_1,0.8519209682860998,0.675,0.5108333333333333,0.6807926829268293,0.675,0.5157142857142858
############################################
SAGE & GAT
Ind_AGE_deterministic_semi_single_Cora_0_mean,0.4668,0.48,0.5078479676617076,0.47619047619047616,0.4,0.45
labels_Ind_AGE_deterministic_semi_single_Cora_0,0.7779313793249913,0.49,0.41318636811272663,0.5294553563052016,0.49,0.4553945131204135
Trans_AGE_deterministic_semi_single_Cora_0_mean,0.4668,0.48,0.5078479676617076,0.47619047619047616,0.4,0.45
labels_Trans_AGE_deterministic_semi_single_Cora_0,0.7779313793249913,0.49,0.41318636811272663,0.5294553563052016,0.49,0.4553945131204135
Ind_AGE_deterministic_semi_multi_Cora_0_mean,0.5230770662920783,0.5360230397633149,0.5940496149235605,0.5419239828989486,0.8112835675814802,0.5028746031746032
labels_Ind_AGE_deterministic_semi_multi_Cora_0,0.8559885053114957,0.74,0.5910568370398092,0.7407753657018363,0.74,0.7010703582132154
Trans_AGE_deterministic_semi_multi_Cora_0_mean,0.5230770662920783,0.5360230397633149,0.5940496149235605,0.5419239828989486,0.8112835675814802,0.5028746031746032
labels_Trans_AGE_deterministic_semi_multi_Cora_0,0.8559885053114957,0.74,0.5910568370398092,0.7407753657018363,0.74,0.7010703582132154
Ind_AGE_deterministic_semi_single_ACM_0_mean,0.5776,0.58,0.6290025010887317,0.75,0.24,0.75
labels_Ind_AGE_deterministic_semi_single_ACM_0,0.5224605073289283,0.5,0.35180596114609924,0.55625,0.5,0.3367003367003367
Trans_AGE_deterministic_semi_single_ACM_0_mean,0.5776,0.58,0.6290025010887317,0.75,0.24,0.75
labels_Trans_AGE_deterministic_semi_single_ACM_0,0.5224605073289283,0.5,0.35180596114609924,0.55625,0.5,0.3367003367003367
Ind_AGE_deterministic_semi_multi_ACM_0_mean,0.5032380739795919,0.5001369047619048,0.6248929031003982,0.48973830774181404,0.5980595238095238,0.3294761904761905
labels_Ind_AGE_deterministic_semi_multi_ACM_0,0.5017499556973242,0.46,0.33446360127241387,0.4620630861040068,0.46,0.3135975135975136
Trans_AGE_deterministic_semi_multi_ACM_0_mean,0.5032380739795919,0.5001369047619048,0.6248929031003982,0.48973830774181404,0.5980595238095238,0.3294761904761905
labels_Trans_AGE_deterministic_semi_multi_ACM_0,0.5017499556973242,0.46,0.33446360127241387,0.4620630861040068,0.46,0.3135975135975136
Ind_AGE_deterministic_semi_single_IMDB_0_mean,0.3648,0.34,0.46200434163631937,0.34615384615384615,0.36,0.45
labels_Ind_AGE_deterministic_semi_single_IMDB_0,0.7138159506244032,0.64,0.5436940355601604,0.6484266517357223,0.64,0.5755949185900877
Trans_AGE_deterministic_semi_single_IMDB_0_mean,0.3648,0.34,0.46200434163631937,0.34615384615384615,0.36,0.45
labels_Trans_AGE_deterministic_semi_single_IMDB_0,0.7138159506244032,0.64,0.5436940355601604,0.6484266517357223,0.64,0.5755949185900877
Ind_AGE_deterministic_semi_multi_IMDB_0_mean,0.4435303349148046,0.4652828282828283,0.5581935363675634,0.4824281170326062,0.7055707070707071,0.37527777777777777
labels_Ind_AGE_deterministic_semi_multi_IMDB_0,0.5019046458739441,0.24,0.33675726020356916,0.24748345715097633,0.24,0.2244714349977508
Trans_AGE_deterministic_semi_multi_IMDB_0_mean,0.4435303349148046,0.4652828282828283,0.5581935363675634,0.4824281170326062,0.7055707070707071,0.37527777777777777
labels_Trans_AGE_deterministic_semi_multi_IMDB_0,0.5019046458739441,0.24,0.33675726020356916,0.24748345715097633,0.24,0.2244714349977508
Ind_AGE_deterministic_semi_single_CiteSeer_0_mean,0.3752,0.38,0.433448358278929,0.35,0.28,0.5
labels_Ind_AGE_deterministic_semi_single_CiteSeer_0,0.8863411706693053,0.76,0.6619911757987206,0.7800125313283207,0.76,0.7636343830461477
Trans_AGE_deterministic_semi_single_CiteSeer_0_mean,0.3752,0.38,0.433448358278929,0.35,0.28,0.5
labels_Trans_AGE_deterministic_semi_single_CiteSeer_0,0.8863411706693053,0.76,0.6619911757987206,0.7800125313283207,0.76,0.7636343830461477
Ind_AGE_deterministic_semi_multi_CiteSeer_0_mean,0.3868338485738648,0.5114709595959596,0.528406502444303,0.5256043668426916,0.7656583694083694,0.29053968253968254
labels_Ind_AGE_deterministic_semi_multi_CiteSeer_0,0.9012877984588511,0.78,0.6885231435231436,0.7805350140056022,0.78,0.7770897701332484
Trans_AGE_deterministic_semi_multi_CiteSeer_0_mean,0.3868338485738648,0.5114709595959596,0.528406502444303,0.5256043668426916,0.7656583694083694,0.29053968253968254
labels_Trans_AGE_deterministic_semi_multi_CiteSeer_0,0.9012877984588511,0.78,0.6885231435231436,0.7805350140056022,0.78,0.7770897701332484
Ind_AGE_deterministic_semi_single_photos_0_mean,0.6396,0.56,0.6945046504326999,0.5576923076923077,0.58,0.75
labels_Ind_AGE_deterministic_semi_single_photos_0,0.9547835577544544,0.86,0.8595528384381261,0.8625476190476189,0.86,0.8589970615899408
Trans_AGE_deterministic_semi_single_photos_0_mean,0.6396,0.56,0.6945046504326999,0.5576923076923077,0.58,0.75
labels_Trans_AGE_deterministic_semi_single_photos_0,0.9547835577544544,0.86,0.8595528384381261,0.8625476190476189,0.86,0.8589970615899408
Ind_AGE_deterministic_semi_multi_photos_0_mean,0.5660159899734768,0.6648368336936391,0.575922796266898,0.6422809849300196,0.8970248894111952,0.446782436088568
labels_Ind_AGE_deterministic_semi_multi_photos_0,0.946754725243923,0.8,0.8469596028971029,0.800777183600713,0.8,0.8239087301587301
Trans_AGE_deterministic_semi_multi_photos_0_mean,0.5660159899734768,0.6648368336936391,0.575922796266898,0.6422809849300196,0.8970248894111952,0.446782436088568
labels_Trans_AGE_deterministic_semi_multi_photos_0,0.946754725243923,0.8,0.8469596028971029,0.800777183600713,0.8,0.8239087301587301
Ind_AGE_deterministic_semi_single_computers_0_mean,0.5708,0.49,0.6044615890111109,0.4915254237288136,0.58,0.7
labels_Ind_AGE_deterministic_semi_single_computers_0,0.9457631060180971,0.86,0.8077921677681292,0.892,0.86,0.833167711598746
Trans_AGE_deterministic_semi_single_computers_0_mean,0.5708,0.49,0.6044615890111109,0.4915254237288136,0.58,0.7
labels_Trans_AGE_deterministic_semi_single_computers_0,0.9457631060180971,0.86,0.8077921677681292,0.892,0.86,0.833167711598746
Ind_AGE_deterministic_semi_multi_computers_0_mean,0.5684173741346222,0.6301378274154912,0.5802297684118102,0.6118890174659087,0.8865014441745921,0.5059254575715927
labels_Ind_AGE_deterministic_semi_multi_computers_0,0.8958256851269273,0.7,0.5508968253968254,0.7024149053560819,0.7,0.5321489621489622
Trans_AGE_deterministic_semi_multi_computers_0_mean,0.5684173741346222,0.6301378274154912,0.5802297684118102,0.6118890174659087,0.8865014441745921,0.5059254575715927
labels_Trans_AGE_deterministic_semi_multi_computers_0,0.8958256851269273,0.7,0.5508968253968254,0.7024149053560819,0.7,0.5321489621489622

Ind_GAT_deterministic_semi_single_Cora_0_mean,0.566,0.56,0.5589023201037411,0.546875,0.7,0.55
labels_Ind_GAT_deterministic_semi_single_Cora_0,0.8617061187147235,0.51,0.6283835226725542,0.36557431457431455,0.51,0.5294656629631999

Ind_GAT_deterministic_semi_multi_Cora_0_mean,0.4852893057546057,0.5199264692191637,0.5636066027519019,0.5228082991607447,0.8231779820432572,0.4715761904761905
labels_Ind_GAT_deterministic_semi_multi_Cora_0,0.893263846935629,0.58,0.6791705318491033,0.5764226579520697,0.58,0.6440345368916798

Ind_GAT_deterministic_semi_single_ACM_0_mean,0.3652,0.42,0.43170596644229786,0.4090909090909091,0.36,0.4
labels_Ind_GAT_deterministic_semi_single_ACM_0,0.8762469621022253,0.84,0.5958434781788436,0.8874011299435028,0.84,0.5706521739130435

Ind_GAT_deterministic_semi_multi_ACM_0_mean,0.3803917091836735,0.4185357142857143,0.5638209453570835,0.38343493507961784,0.598202380952381,0.23095238095238094
labels_Ind_GAT_deterministic_semi_multi_ACM_0,0.5266854399255715,0.24,0.3624764856296534,0.24652100840336133,0.24,0.16876310272536688

Ind_GAT_deterministic_semi_single_IMDB_0_mean,0.4536,0.51,0.45189725715600143,0.5087719298245614,0.58,0.3
labels_Ind_GAT_deterministic_semi_single_IMDB_0,0.8131543103722402,0.75,0.6282899268306206,0.8067857142857143,0.75,0.6716997861576175

Ind_GAT_deterministic_semi_multi_IMDB_0_mean,0.451507722426283,0.46002777777777776,0.5859334027596516,0.46844507393191603,0.6687323232323232,0.3983888888888889
labels_Ind_GAT_deterministic_semi_multi_IMDB_0,0.6213653346328786,0.3,0.40309058736128445,0.3092997198879552,0.3,0.2618040873854827

Ind_GAT_deterministic_semi_single_CiteSeer_0_mean,0.4736,0.47,0.477723771696672,0.46938775510204084,0.46,0.55
labels_Ind_GAT_deterministic_semi_single_CiteSeer_0,0.9076092917425003,0.82,0.6906930571204869,0.8353506638289248,0.82,0.7992549076935456

Ind_GAT_deterministic_semi_multi_CiteSeer_0_mean,0.45792763234540834,0.5270259740259741,0.5648422802468667,0.5513186618822021,0.7468632756132756,0.37488095238095237
labels_Ind_GAT_deterministic_semi_multi_CiteSeer_0,0.8963766521003365,0.78,0.6610403485403485,0.7801688453159041,0.78,0.7587606837606837

Ind_GAT_deterministic_semi_single_photos_0_mean,0.5977777777777777,0.5333333333333333,0.5672955794974629,0.5357142857142857,0.5,0.5833333333333334
labels_Ind_GAT_deterministic_semi_single_photos_0,0.9674056454580321,0.9166666666666666,0.9197052699284842,0.9241666666666667,0.9166666666666666,0.914781746031746

Ind_GAT_deterministic_semi_multi_photos_0_mean,0.40762029718065973,0.5758317603140363,0.4311979087095352,0.5492473724531742,0.9506123733215612,0.1957756370073769
labels_Ind_GAT_deterministic_semi_multi_photos_0,0.9099206349206348,0.7333333333333333,0.6439484126984126,0.736589008363202,0.7333333333333333,0.6064144189144189

Ind_GAT_deterministic_semi_single_computers_0_mean,0.44999999999999996,0.35,0.47039598774118896,0.2857142857142857,0.2,0.25
labels_Ind_GAT_deterministic_semi_single_computers_0,0.9518212669683258,0.9,0.44541666666666674,0.96,0.9,0.47111111111111104

Ind_GAT_deterministic_semi_multi_computers_0_mean,0.4110672303980928,0.558574156215502,0.45989540517107863,0.5385461278750349,0.9300908919101728,0.27142120600362385
labels_Ind_GAT_deterministic_semi_multi_computers_0,0.8666666666666667,0.8,0.3,0.8090909090909091,0.8,0.28888888888888886

######################################################
final_resultsInd_GAT_deterministic_semi_single_Cora_1_mean,0.8358000000000001,0.74,0.8382647365257361,0.8243243243243243,0.61,0.875
labels_Ind_GAT_deterministic_semi_single_Cora_1,0.6994809506309709,0.31,0.3683231725728802,0.393464828645585,0.31,0.3046956877989291
Trans_GAT_deterministic_semi_single_Cora_1_mean,0.8358000000000001,0.74,0.8382647365257361,0.8243243243243243,0.61,0.875
labels_Trans_GAT_deterministic_semi_single_Cora_1,0.6994809506309709,0.31,0.3683231725728802,0.393464828645585,0.31,0.3046956877989291
Ind_GAT_deterministic_semi_multi_Cora_1_mean,0.7359142659575997,0.7156146340745487,0.7727208407694693,0.7329932255088445,0.8164397163557505,0.7133412698412699
labels_Ind_GAT_deterministic_semi_multi_Cora_1,0.8536921768877327,0.52,0.6284783622589367,0.520028644622704,0.52,0.49864101089664997
Trans_GAT_deterministic_semi_multi_Cora_1_mean,0.7359142659575997,0.7156146340745487,0.7727208407694693,0.7329932255088445,0.8164397163557505,0.7133412698412699
labels_Trans_GAT_deterministic_semi_multi_Cora_1,0.8536921768877327,0.52,0.6284783622589367,0.520028644622704,0.52,0.49864101089664997
Ind_GAT_deterministic_semi_single_ACM_1_mean,0.9596,0.885,0.9659428222516038,0.963855421686747,0.8,1.0
labels_Ind_GAT_deterministic_semi_single_ACM_1,0.88068691541481,0.76,0.5939639269955582,0.7803125,0.76,0.5098998614545519
Trans_GAT_deterministic_semi_single_ACM_1_mean,0.9596,0.885,0.9659428222516038,0.963855421686747,0.8,1.0
labels_Trans_GAT_deterministic_semi_single_ACM_1,0.88068691541481,0.76,0.5939639269955582,0.7803125,0.76,0.5098998614545519
Ind_GAT_deterministic_semi_multi_ACM_1_mean,0.9122065999779542,0.7512916666666667,0.9348078121150717,0.7492905642116169,0.6478928571428572,0.7771428571428571
labels_Ind_GAT_deterministic_semi_multi_ACM_1,0.6680392156862744,0.51,0.4613497184579028,0.5110694299243589,0.51,0.34252574269144276
Trans_GAT_deterministic_semi_multi_ACM_1_mean,0.9122065999779542,0.7512916666666667,0.9348078121150717,0.7492905642116169,0.6478928571428572,0.7771428571428571
labels_Trans_GAT_deterministic_semi_multi_ACM_1,0.6680392156862744,0.51,0.4613497184579028,0.5110694299243589,0.51,0.34252574269144276
Ind_GAT_deterministic_semi_single_IMDB_1_mean,0.9177000000000001,0.76,0.9250902012846668,0.9333333333333333,0.56,1.0
labels_Ind_GAT_deterministic_semi_single_IMDB_1,0.8837892204982776,0.7,0.7249190458222134,0.7739444444444444,0.7,0.6695676982854658
Trans_GAT_deterministic_semi_single_IMDB_1_mean,0.9177000000000001,0.76,0.9250902012846668,0.9333333333333333,0.56,1.0
labels_Trans_GAT_deterministic_semi_single_IMDB_1,0.8837892204982776,0.7,0.7249190458222134,0.7739444444444444,0.7,0.6695676982854658
Ind_GAT_deterministic_semi_multi_IMDB_1_mean,0.833160076320049,0.7034504251734855,0.8593229353580049,0.6866582171530021,0.7233303920696162,0.7770249946132299
labels_Ind_GAT_deterministic_semi_multi_IMDB_1,0.5422639826208533,0.23,0.3986950053757452,0.23375655212580082,0.23,0.2178375035517893
Trans_GAT_deterministic_semi_multi_IMDB_1_mean,0.833160076320049,0.7034504251734855,0.8593229353580049,0.6866582171530021,0.7233303920696162,0.7770249946132299
labels_Trans_GAT_deterministic_semi_multi_IMDB_1,0.5422639826208533,0.23,0.3986950053757452,0.23375655212580082,0.23,0.2178375035517893
Ind_GAT_deterministic_semi_single_CiteSeer_1_mean,0.9372999999999999,0.87,0.9319003990655365,0.9302325581395349,0.8,0.95
labels_Ind_GAT_deterministic_semi_single_CiteSeer_1,0.929508372635215,0.825,0.8236231370601206,0.839372920795052,0.825,0.8248379993328223
Trans_GAT_deterministic_semi_single_CiteSeer_1_mean,0.9372999999999999,0.87,0.9319003990655365,0.9302325581395349,0.8,0.95
labels_Trans_GAT_deterministic_semi_single_CiteSeer_1,0.929508372635215,0.825,0.8236231370601206,0.839372920795052,0.825,0.8248379993328223
Ind_GAT_deterministic_semi_multi_CiteSeer_1_mean,0.9124086194942921,0.8329617816823699,0.9293007957601346,0.9133635672241371,0.7752863296833885,0.9122124183006536
labels_Ind_GAT_deterministic_semi_multi_CiteSeer_1,0.9197439158992475,0.8,0.8218236806417653,0.8001245124512452,0.8,0.8110666165694629
Trans_GAT_deterministic_semi_multi_CiteSeer_1_mean,0.9124086194942921,0.8329617816823699,0.9293007957601346,0.9133635672241371,0.7752863296833885,0.9122124183006536
labels_Trans_GAT_deterministic_semi_multi_CiteSeer_1,0.9197439158992475,0.8,0.8218236806417653,0.8001245124512452,0.8,0.8110666165694629
Ind_GAT_deterministic_semi_multi_photos_1_mean,0.8837099430871905,0.8583186633528836,0.8408111953152729,0.861889730228381,0.8831430495907254,0.8180882443290494
labels_Ind_GAT_deterministic_semi_multi_photos_1,0.8996118243674351,0.66,0.688803323669545,0.6607863953061973,0.66,0.6401301446138403
Trans_GAT_deterministic_semi_multi_photos_1_mean,0.8837099430871905,0.8583186633528836,0.8408111953152729,0.861889730228381,0.8831430495907254,0.8180882443290494
labels_Trans_GAT_deterministic_semi_multi_photos_1,0.8996118243674351,0.66,0.688803323669545,0.6607863953061973,0.66,0.6401301446138403
#############################
GAT LP
Ind_GAT_deterministic_semi_single_Cora_3_mean,0.8626,0.76,0.8742852437885091,0.8823529411764706,0.6,0.925
labels_Ind_GAT_deterministic_semi_single_Cora_3,0.5066156540542306,0.125,0.1641065014626981,0.16160526315789475,0.125,0.0452427416464216

Ind_GAT_deterministic_semi_single_ACM_3_mean,0.973,0.905,0.978831921346819,0.9764705882352941,0.83,1.0
labels_Ind_GAT_deterministic_semi_single_ACM_3,0.47960829888540735,0.37,0.3328215515543495,0.755742857142857,0.37,0.19725099342062405

Ind_GAT_deterministic_semi_single_IMDB_3_mean,0.8742,0.745,0.8896957879593093,0.9152542372881356,0.54,1.0
labels_Ind_GAT_deterministic_semi_single_IMDB_3,0.5219923480159213,0.365,0.36247377767827077,0.19369999999999998,0.365,0.26632283943984814


Ind_GAT_deterministic_semi_single_CiteSeer_3_mean,0.9246,0.84,0.929089791325078,0.9473684210526315,0.72,0.95
labels_Ind_GAT_deterministic_semi_single_CiteSeer_3,0.3916730096318179,0.17,0.13975879119325194,0.028900000000000002,0.17,0.04843304843304844


Ind_GAT_deterministic_semi_multi_Cora_3_mean,0.7646636732899531,0.7491569033038435,0.8064114475005484,0.7843691731966541,0.8195666138889574,0.7694166666666666
labels_Ind_GAT_deterministic_semi_multi_Cora_3,0.5334123646780442,0.15,0.20004837345926246,0.14961113502654613,0.15,0.06849595996882818

Ind_GAT_deterministic_semi_multi_ACM_3_mean,0.9454142325680273,0.771249007936508,0.9594803430570691,0.7792593722067406,0.6537896825396825,0.8283333333333334
labels_Ind_GAT_deterministic_semi_multi_ACM_3,0.5249019607843137,0.45,0.35908791838452664,0.4530597638077061,0.45,0.24117987275882014


Ind_GAT_deterministic_semi_multi_IMDB_3_mean,0.8459152254022492,0.7158610824041859,0.8737127367457533,0.7088539827806732,0.7233123827800552,0.7894705882352941
labels_Ind_GAT_deterministic_semi_multi_IMDB_3,0.5035938563256871,0.39,0.40339155565179824,0.3924096640433274,0.39,0.27383642722625773

Ind_GAT_deterministic_semi_multi_CiteSeer_3_mean,0.913682660369082,0.8262842925048808,0.9322726046695256,0.9093038424971727,0.7711396846617435,0.9209920634920635
labels_Ind_GAT_deterministic_semi_multi_CiteSeer_3,0.4149558301891548,0.16,0.15416381577486998,0.15866930693069306,0.16,0.04597701149425287



Ind_GAT_deterministic_semi_multi_photos_3_mean,0.8425121338224566,0.8295815232508589,0.8072101157671219,0.8326594946717484,0.8774622332483943,0.7707903319447308
labels_Ind_GAT_deterministic_semi_multi_photos_3,0.42961305789780735,0.13,0.12264686635426365,0.12888019801980197,0.13,0.028761061946902654
Ind_GIN_deterministic_semi_multi_Cora_1_mean,0.23134876543209876,0.37777777777777777,0.46913471773229254,0.4245191409897292,0.7222222222222222,0.21428571428571427
labels_Ind_GIN_deterministic_semi_multi_Cora_1,0.45740740740740743,0.3,0.278968253968254,0.22999999999999998,0.3,0.13877551020408163
Ind_GIN_deterministic_semi_multi_Cora_1_mean,0.6656846585945645,0.6013336701249414,0.7133740638643495,0.5920637492098559,0.6921827272453458,0.5578412698412698
labels_Ind_GIN_deterministic_semi_multi_Cora_1,0.8253368295408402,0.54,0.5759109183186154,0.6068333333333333,0.54,0.539410861370934
Ind_GIN_deterministic_semi_multi_Cora_1_mean,0.6895745522693695,0.6764439447333186,0.721780761951455,0.6904362616679931,0.8079161813307923,0.6720507936507937
labels_Ind_GIN_deterministic_semi_multi_Cora_1,0.821244399098517,0.54,0.6209580472733184,0.6576984126984127,0.54,0.5586735089292634
Ind_GIN_deterministic_semi_multi_Cora_1_mean,0.6801950249580384,0.608848821640093,0.7247274942822935,0.5994668487819749,0.6869139100410447,0.5919746031746032
labels_Ind_GIN_deterministic_semi_multi_Cora_1,0.8073148880818721,0.52,0.5554708293105329,0.5939826839826841,0.52,0.5096918119474511
Ind_GIN_deterministic_semi_multi_Cora_1_mean,0.6844859723342379,0.6168961497600017,0.7305621400904996,0.6077417123448425,0.6931688790863364,0.601895238095238
labels_Ind_GIN_deterministic_semi_multi_Cora_1,0.8610062585030597,0.54,0.6488665917958343,0.6012121212121212,0.54,0.5405895691609977
Ind_GIN_deterministic_semi_multi_Cora_1_mean,0.6943302192383954,0.6837560985293433,0.7223012284737913,0.698000183197216,0.8071651223539269,0.6668285714285714
labels_Ind_GIN_deterministic_semi_multi_Cora_1,0.8610062585030597,0.54,0.6488665917958343,0.6012121212121212,0.54,0.5405895691609977
Ind_GAT_deterministic_semi_multi_Cora_1_mean,0.7476263118858775,0.7221411594941006,0.7723335728001061,0.7224229141138744,0.7920622188269247,0.643068783068783
labels_Ind_GAT_deterministic_semi_multi_Cora_1,0.7640686306942465,0.4,0.527712651494164,0.4227777777777778,0.4,0.3343388637506285
Ind_GAT_deterministic_semi_multi_Cora_1_mean,0.752496595921584,0.7232504138018844,0.7762880550009881,0.7478513507635114,0.8033538112214583,0.6935978835978835
labels_Ind_GAT_deterministic_semi_multi_Cora_1,0.8355546934364668,0.5,0.6203631101563432,0.5757575757575758,0.5,0.4083333333333333
Ind_GAT_deterministic_semi_multi_Cora_1_mean,0.7359142659575997,0.7156146340745487,0.7727208407694693,0.7329932255088445,0.8164397163557505,0.7133412698412699
labels_Ind_GAT_deterministic_semi_multi_Cora_1,0.8536921768877327,0.52,0.6284783622589367,0.5228931068931069,0.52,0.49864101089664997
Ind_GIN_deterministic_semi_multi_Cora_1_mean,0.6964022334847269,0.6769759271010457,0.7271990244763445,0.686731288186617,0.8288492511863005,0.6687642857142857
labels_Ind_GIN_deterministic_semi_multi_Cora_1,0.8683898959797187,0.61,0.6945156863733241,0.6615652173913044,0.61,0.6273228803716607
Ind_GIN_deterministic_semi_multi_Cora_2_mean,0.6640868117444254,0.6577273406674498,0.7030131297170039,0.6700653176863708,0.8087566187765429,0.6494134920634921
labels_Ind_GIN_deterministic_semi_multi_Cora_2,0.9248356949951819,0.83,0.813712476381181,0.858,0.83,0.8387356377957882
Ind_GAT_deterministic_semi_multi_Cora_1_mean,0.8069104475946333,0.7540602453102453,0.8395721047966659,0.7931991684360805,0.8030068542568543,0.8152777777777778
labels_Ind_GAT_deterministic_semi_multi_Cora_1,0.8510754009206022,0.55,0.634126984126984,0.5809523809523809,0.55,0.43722943722943713
Ind_GAT_deterministic_semi_multi_Cora_1_mean,0.7953765081369248,0.6659929653679654,0.8382048166931045,0.6396235632183908,0.6544733044733044,0.6958333333333333
labels_Ind_GAT_deterministic_semi_multi_Cora_1,0.7718929677134011,0.45,0.5336625015196443,0.5,0.45,0.35873015873015873
Ind_GAT_deterministic_semi_multi_Cora_1_mean,0.7975345651910519,0.7311435786435786,0.8281282634897905,0.7210590801312551,0.7836129148629148,0.7597222222222222
labels_Ind_GAT_deterministic_semi_multi_Cora_1,0.7718929677134011,0.45,0.5336625015196443,0.5,0.45,0.35873015873015873
Ind_GAT_deterministic_semi_multi_Cora_1_mean,0.7632083333333334,0.66375,0.8247688512772904,0.7013348390739695,0.7783333333333333,0.8428571428571429,12.4,0.0125
Ind_GAT_deterministic_semi_multi_Cora_1_mean,0.7632083333333334,0.66375,0.8247688512772904,0.7013348390739695,0.7783333333333333,0.8428571428571429
labels_Ind_GAT_deterministic_semi_multi_Cora_1,0.825,0.6,0.4571428571428572,0.5,0.6,0.23809523809523808
Ind_GAT_deterministic_semi_multi_ACM_1_mean,0.89375,0.6833333333333333,0.8949801587301588,0.6488888888888888,0.6166666666666667,0.7,6.8,0.0
Ind_GAT_deterministic_semi_multi_ACM_1_mean,0.89375,0.6833333333333333,0.8949801587301588,0.6488888888888888,0.6166666666666667,0.7
labels_Ind_GAT_deterministic_semi_multi_ACM_1,1.0,0.4,0.6666666666666666,0.85,0.4,0.26666666666666666
Ind_GAT_deterministic_semi_multi_ACM_1_mean,0.89375,0.6833333333333333,0.8949801587301588,0.6488888888888888,0.6166666666666667,0.7
Ind_GAT_deterministic_semi_multi_ACM_1_mean,0.89375,0.6833333333333333,0.8949801587301588,0.6488888888888888,0.6166666666666667,0.7
labels_Ind_GAT_deterministic_semi_multi_ACM_1,1.0,0.2,0.6666666666666666,0.04,0.2,0.1111111111111111
Ind_GAT_deterministic_semi_multi_Cora_1_mean,0.8096159958167534,0.7435353535353535,0.8443266258089759,0.7700360139398067,0.8004377104377104,0.850925925925926
Ind_GAT_deterministic_semi_multi_Cora_1_mean,0.8096159958167534,0.7435353535353535,0.8443266258089759,0.7700360139398067,0.8004377104377104,0.850925925925926
labels_Ind_GAT_deterministic_semi_multi_Cora_1,0.8512329931972789,0.4666666666666667,0.6041666666666667,0.2755555555555555,0.4666666666666667,0.34523809523809523
Ind_GAT_deterministic_semi_multi_Cora_1_mean,0.8039129712529334,0.7352020202020202,0.8332205477898497,0.7535890884398984,0.8034680134680134,0.8435185185185186,16.4,0.006767676767676767
Ind_GAT_deterministic_semi_multi_Cora_1_mean,0.8039129712529334,0.7352020202020202,0.8332205477898497,0.7535890884398984,0.8034680134680134,0.8435185185185186
labels_Ind_GAT_deterministic_semi_multi_Cora_1,0.742667451596023,0.4,0.5510204081632653,0.3,0.4,0.3190476190476191
Ind_GAT_deterministic_semi_multi_ACM_1_mean,0.9568518518518518,0.7619444444444444,0.9562780127422071,0.7298192004074358,0.6083333333333334,0.7666666666666667
Ind_GAT_deterministic_semi_multi_ACM_1_mean,0.9568518518518518,0.7619444444444444,0.9562780127422071,0.7298192004074358,0.6083333333333334,0.7666666666666667
labels_Ind_GAT_deterministic_semi_multi_ACM_1,0.7134920634920635,0.3333333333333333,0.4970556192778415,0.43333333333333335,0.3333333333333333,0.20875420875420878
Ind_GAT_deterministic_semi_multi_IMDB_1_mean,0.84525,0.685,0.869636507011507,0.6152551152551152,0.7233333333333334,0.75
Ind_GAT_deterministic_semi_multi_IMDB_1_mean,0.84525,0.685,0.869636507011507,0.6152551152551152,0.7233333333333334,0.75
labels_Ind_GAT_deterministic_semi_multi_IMDB_1,0.42791005291005285,0.0,0.4073539629095186,0.0,0.0,0.0
Ind_GAT_deterministic_semi_multi_CiteSeer_1_mean,0.927656462585034,0.8362433862433862,0.9555631627305594,0.9374620522161505,0.7586772486772487,0.930952380952381
Ind_GAT_deterministic_semi_multi_CiteSeer_1_mean,0.927656462585034,0.8362433862433862,0.9555631627305594,0.9374620522161505,0.7586772486772487,0.930952380952381
labels_Ind_GAT_deterministic_semi_multi_CiteSeer_1,0.8556471306471307,0.8,0.6888888888888888,0.8666666666666667,0.8,0.7111111111111111
Ind_GAT_deterministic_semi_multi_CiteSeer_1_mean,0.921311224489796,0.826957671957672,0.9497147834218269,0.9235867446393762,0.7558201058201058,0.9285714285714286,11.2,0.0019047619047619048
Ind_GAT_deterministic_semi_multi_CiteSeer_1_mean,0.921311224489796,0.826957671957672,0.9497147834218269,0.9235867446393762,0.7558201058201058,0.9285714285714286
labels_Ind_GAT_deterministic_semi_multi_CiteSeer_1,0.8760905760905761,0.7333333333333333,0.7111111111111111,0.8111111111111112,0.7333333333333333,0.645959595959596
Ind_GAT_deterministic_semi_multi_photos_1_mean,0.8246723864394764,0.8223999619425718,0.7744922365041734,0.8130854870148108,0.8803466352790478,0.7146820577110912
Ind_GAT_deterministic_semi_multi_photos_1_mean,0.8246723864394764,0.8223999619425718,0.7744922365041734,0.8130854870148108,0.8803466352790478,0.7146820577110912
labels_Ind_GAT_deterministic_semi_multi_photos_1,0.9562499999999999,0.7333333333333333,0.7458333333333333,0.8111111111111111,0.7333333333333333,0.5434523809523809
Ind_GAT_deterministic_semi_multi_computers_1_mean,0.8952134784827023,0.8417884692125625,0.8603729007068477,0.8587544848554644,0.8396468212035534,0.8550318473099573
Ind_GAT_deterministic_semi_multi_computers_1_mean,0.8952134784827023,0.8417884692125625,0.8603729007068477,0.8587544848554644,0.8396468212035534,0.8550318473099573
labels_Ind_GAT_deterministic_semi_multi_computers_1,0.8026984126984127,0.7333333333333333,0.31555555555555553,0.9333333333333333,0.7333333333333333,0.32745098039215687
Ind_GAT_deterministic_semi_multi_ACM_1_mean,0.89375,0.6833333333333333,0.8949801587301588,0.6488888888888888,0.6166666666666667,0.7,6.8,0.0
Ind_GAT_deterministic_semi_multi_ACM_1_mean,0.89375,0.6833333333333333,0.8949801587301588,0.6488888888888888,0.6166666666666667,0.7
labels_Ind_GAT_deterministic_semi_multi_ACM_1,1.0,0.4,0.6666666666666666,0.85,0.4,0.26666666666666666
Ind_GAT_deterministic_semi_multi_IMDB_1_mean,0.7375,0.665,0.7651105006105006,0.6315462315462316,0.86,0.8,8.4,0.025
Ind_GAT_deterministic_semi_multi_IMDB_1_mean,0.7375,0.665,0.7651105006105006,0.6315462315462316,0.86,0.8
labels_Ind_GAT_deterministic_semi_multi_IMDB_1,0.6,0.0,0.39999999999999997,0.0,0.0,0.0
Ind_GAT_deterministic_semi_multi_photos_1_mean,0.9400591623595715,0.9278681399245915,0.9132040019676242,0.9256223520615845,0.9363276776986454,0.848
Ind_GAT_deterministic_semi_multi_photos_1_mean,0.9400591623595715,0.9278681399245915,0.9132040019676242,0.9256223520615845,0.9363276776986454,0.848
labels_Ind_GAT_deterministic_semi_multi_photos_1,1.0,0.8,0.5,0.7,0.8,0.3333333333333333
Ind_GAT_deterministic_semi_multi_computers_1_mean,0.8933168639150316,0.8242217432358278,0.8725672747240031,0.8375903365824665,0.837079973699692,0.8843859649122807
Ind_GAT_deterministic_semi_multi_computers_1_mean,0.8933168639150316,0.8242217432358278,0.8725672747240031,0.8375903365824665,0.837079973699692,0.8843859649122807
labels_Ind_GAT_deterministic_semi_multi_computers_1,1.0,1.0,0.2,1.0,1.0,0.2
Ind_GAT_deterministic_semi_multi_ACM_1_mean,0.89375,0.6833333333333333,0.8949801587301588,0.6488888888888888,0.6166666666666667,0.7
Ind_GAT_deterministic_semi_multi_ACM_1_mean,0.89375,0.6833333333333333,0.8949801587301588,0.6488888888888888,0.6166666666666667,0.7
labels_Ind_GAT_deterministic_semi_multi_ACM_1,1.0,0.2,0.6666666666666666,0.04,0.2,0.1111111111111111
Ind_GAT_deterministic_semi_multi_IMDB_1_mean,0.71875,0.615,0.7686790848040848,0.5889044289044288,0.86,0.9
Ind_GAT_deterministic_semi_multi_IMDB_1_mean,0.71875,0.615,0.7686790848040848,0.5889044289044288,0.86,0.9
labels_Ind_GAT_deterministic_semi_multi_IMDB_1,0.6,0.0,0.39999999999999997,0.0,0.0,0.0
itr_Ind_GCN_deterministic_semi_multi_photos_1,0.9605880074711244,0.8915584415584416,0.9582424087031686,0.9794871794871794,0.8033189033189033,0.9753086419753086,30,0.005050505050505051
Ind_GCN_deterministic_semi_multi_photos_1_mean,0.9605880074711244,0.8915584415584416,0.9582424087031686,0.9794871794871794,0.8033189033189033,0.9753086419753086
labels_Ind_GCN_deterministic_semi_multi_photos_1,1.0,1.0,0.25,1.0,1.0,0.25
Ind_GCN_deterministic_semi_multi_photos_1,0.9307580442645378,0.8415584415584415,0.9289999997216573,0.8350427350427351,0.8509379509379509,0.9753086419753086
Ind_GCN_deterministic_semi_multi_photos_1_mean,0.9307580442645378,0.8415584415584415,0.9289999997216573,0.8350427350427351,0.8509379509379509,0.9753086419753086
labels_Ind_GCN_deterministic_semi_multi_photos_1,0.6666666666666667,0.3333333333333333,0.16666666666666666,0.6666666666666666,0.3333333333333333,0.08333333333333333
Ind_GCN_deterministic_semi_multi_computers_1,0.9460610364263153,0.8631700110573349,0.9456537379909523,0.8840516897816036,0.8540613047655301,1.0
Ind_GCN_deterministic_semi_multi_computers_1_mean,0.9460610364263153,0.8631700110573349,0.9456537379909523,0.8840516897816036,0.8540613047655301,1.0
labels_Ind_GCN_deterministic_semi_multi_computers_1,0.8333333333333334,0.6666666666666666,0.13333333333333333,0.6666666666666666,0.6666666666666666,0.1
Ind_GCN_deterministic_semi_multi_photos_1,0.8420135092889809,0.8199524552926557,0.8057297781767222,0.8186326120266821,0.8720221022733744,0.7804574806030028
Ind_GCN_deterministic_semi_multi_photos_1_mean,0.8420135092889809,0.8199524552926557,0.8057297781767222,0.8186326120266821,0.8720221022733744,0.7804574806030028
labels_Ind_GCN_deterministic_semi_multi_photos_1,0.7422808302105258,0.51,0.4202728221323051,0.46641925465838513,0.51,0.3968814115991536
Ind_GCN_deterministic_semi_multi_photos_1,0.9307580442645378,0.8415584415584415,0.9289999997216573,0.8350427350427351,0.8509379509379509,0.9753086419753086
Ind_GCN_deterministic_semi_multi_photos_1_mean,0.9307580442645378,0.8415584415584415,0.9289999997216573,0.8350427350427351,0.8509379509379509,0.9753086419753086
labels_Ind_GCN_deterministic_semi_multi_photos_1,0.6666666666666667,0.3333333333333333,0.16666666666666666,0.6666666666666666,0.3333333333333333,0.08333333333333333
Ind_GCN_deterministic_semi_multi_ACM_1,0.9166666666666666,0.6041666666666666,0.9405906593406593,0.5128205128205128,0.4583333333333333,0.6666666666666666
Ind_GCN_deterministic_semi_multi_ACM_1_mean,0.9166666666666666,0.6041666666666666,0.9405906593406593,0.5128205128205128,0.4583333333333333,0.6666666666666666
labels_Ind_GCN_deterministic_semi_multi_ACM_1,1.0,0.3333333333333333,0.3333333333333333,1.0,0.3333333333333333,0.16666666666666666
itr_Ind_GCN_deterministic_semi_multi_ACM_1,0.9166666666666666,0.6875,0.9405906593406593,0.8461538461538461,0.625,1.0,6.666666666666667,0.0
Ind_GCN_deterministic_semi_multi_ACM_1_mean,0.9166666666666666,0.6875,0.9405906593406593,0.8461538461538461,0.625,1.0
labels_Ind_GCN_deterministic_semi_multi_ACM_1,1.0,0.3333333333333333,0.3333333333333333,1.0,0.3333333333333333,0.16666666666666666
itr_Ind_GCN_deterministic_semi_multi_computers_1,0.9898192111029949,0.9290540540540541,0.988391776440003,0.9847328244274809,0.8716216216216216,1.0,148,0.02702702702702703
Ind_GCN_deterministic_semi_multi_computers_1_mean,0.9898192111029949,0.9290540540540541,0.988391776440003,0.9847328244274809,0.8716216216216216,1.0
labels_Ind_GCN_deterministic_semi_multi_computers_1,1.0,0.0,0.1,0.0,0.0,0.0
Ind_GCN_deterministic_semi_multi_computers_1,0.9860299488677867,0.9054054054054054,0.9841284047408481,0.96875,0.8378378378378378,1.0
Ind_GCN_deterministic_semi_multi_computers_1_mean,0.9860299488677867,0.9054054054054054,0.9841284047408481,0.96875,0.8378378378378378,1.0
labels_Ind_GCN_deterministic_semi_multi_computers_1,1.0,0.0,0.1,0.0,0.0,0.0
itr_Ind_GCN_deterministic_semi_multi_Cora_1,0.7164637345679012,0.7121527777777777,0.7420646172353622,0.7304528307488362,0.7943055555555556,0.6011904761904762,12,0.042083333333333334
Ind_GCN_deterministic_semi_multi_Cora_1_mean,0.7164637345679012,0.7121527777777777,0.7420646172353622,0.7304528307488362,0.7943055555555556,0.6011904761904762
labels_Ind_GCN_deterministic_semi_multi_Cora_1,0.7523148148148149,0.3,0.421031746031746,0.45,0.3,0.3095238095238095
itr_Ind_GCN_deterministic_semi_multi_Cora_1,0.7565104166666666,0.6979166666666666,0.7953175500969618,0.7285067873303167,0.7708333333333334,0.7380952380952381,9.333333333333334,0.020833333333333332
labels_Ind_GCN_deterministic_semi_multi_Cora_1,0.888888888888889,0.3333333333333333,0.35714285714285715,0.3333333333333333,0.3333333333333333,0.14285714285714285
Ind_GCN_deterministic_semi_multi_Cora_1,0.76171875,0.6979166666666666,0.7971872082166199,0.7308377896613191,0.7291666666666666,0.7380952380952381
labels_Ind_GCN_deterministic_semi_multi_Cora_1,0.888888888888889,0.3333333333333333,0.35714285714285715,0.3333333333333333,0.3333333333333333,0.14285714285714285
itr_Ind_GCN_deterministic_semi_multi_ACM_1,0.9166666666666666,0.6875,0.9405906593406593,0.8461538461538461,0.625,1.0,6.666666666666667,0.0
labels_Ind_GCN_deterministic_semi_multi_ACM_1,1.0,0.3333333333333333,0.3333333333333333,1.0,0.3333333333333333,0.16666666666666666
Ind_GCN_deterministic_semi_multi_ACM_1,0.9166666666666666,0.6041666666666666,0.9405906593406593,0.5128205128205128,0.4583333333333333,0.6666666666666666
labels_Ind_GCN_deterministic_semi_multi_ACM_1,1.0,0.3333333333333333,0.3333333333333333,1.0,0.3333333333333333,0.16666666666666666
itr_Ind_GCN_deterministic_semi_multi_IMDB_1,0.9791666666666666,0.8958333333333334,0.9824074074074074,0.9259259259259259,0.875,1.0,8,0.0
labels_Ind_GCN_deterministic_semi_multi_IMDB_1,1.0,0.6666666666666666,0.3333333333333333,1.0,0.6666666666666666,0.26666666666666666
Ind_GCN_deterministic_semi_multi_IMDB_1,0.9791666666666666,0.8958333333333334,0.9824074074074074,0.9259259259259259,0.875,1.0
labels_Ind_GCN_deterministic_semi_multi_IMDB_1,1.0,0.6666666666666666,0.3333333333333333,1.0,0.6666666666666666,0.26666666666666666
itr_Ind_GCN_deterministic_semi_multi_CiteSeer_1,1.0,0.9166666666666666,1.0,1.0,0.8333333333333334,1.0,6.666666666666667,0.0
labels_Ind_GCN_deterministic_semi_multi_CiteSeer_1,0.7777777777777778,0.6666666666666666,0.3333333333333333,0.5,0.6666666666666666,0.27777777777777773
Ind_GCN_deterministic_semi_multi_CiteSeer_1,0.9375,0.7916666666666666,0.9629120879120879,0.8461538461538461,0.8333333333333334,1.0
labels_Ind_GCN_deterministic_semi_multi_CiteSeer_1,0.7222222222222223,0.6666666666666666,0.3055555555555555,0.5,0.6666666666666666,0.27777777777777773
itr_Ind_GCN_deterministic_semi_multi_Cora_1,0.6927083333333334,0.5416666666666666,0.719345238095238,0.5333333333333333,0.7083333333333334,0.6904761904761905,9.333333333333334,0.5
labels_Ind_GCN_deterministic_semi_multi_Cora_1,0.6666666666666666,0.0,0.23809523809523808,0.0,0.0,0.0
Ind_GCN_deterministic_semi_multi_Cora_1,0.76171875,0.6979166666666666,0.7971872082166199,0.7308377896613191,0.7291666666666666,0.7380952380952381
labels_Ind_GCN_deterministic_semi_multi_Cora_1,0.888888888888889,0.3333333333333333,0.35714285714285715,0.3333333333333333,0.3333333333333333,0.14285714285714285
itr_Ind_GCN_deterministic_semi_multi_ACM_1,0.9791666666666666,0.6833333333333333,0.9833333333333333,0.5833333333333334,0.45,0.6666666666666666,6.666666666666667,0.5
labels_Ind_GCN_deterministic_semi_multi_ACM_1,1.0,0.6666666666666666,0.3333333333333333,1.0,0.6666666666666666,0.26666666666666666
Ind_GCN_deterministic_semi_multi_ACM_1,0.9166666666666666,0.6041666666666666,0.9405906593406593,0.5128205128205128,0.4583333333333333,0.6666666666666666
labels_Ind_GCN_deterministic_semi_multi_ACM_1,1.0,0.3333333333333333,0.3333333333333333,1.0,0.3333333333333333,0.16666666666666666
itr_Ind_GCN_deterministic_semi_multi_IMDB_1,0.9375,0.8333333333333334,0.9347222222222222,0.9166666666666666,0.75,0.8333333333333334,8,0.5
labels_Ind_GCN_deterministic_semi_multi_IMDB_1,1.0,1.0,0.3333333333333333,1.0,1.0,0.3333333333333333
Ind_GCN_deterministic_semi_multi_IMDB_1,0.9791666666666666,0.8958333333333334,0.9824074074074074,0.9259259259259259,0.875,1.0
labels_Ind_GCN_deterministic_semi_multi_IMDB_1,1.0,0.6666666666666666,0.3333333333333333,1.0,0.6666666666666666,0.26666666666666666
itr_Ind_GCN_deterministic_semi_multi_CiteSeer_1,1.0,0.8333333333333334,1.0,1.0,0.6666666666666666,1.0,6.666666666666667,0.5
labels_Ind_GCN_deterministic_semi_multi_CiteSeer_1,1.0,0.6666666666666666,0.5,0.5,0.6666666666666666,0.27777777777777773
Ind_GCN_deterministic_semi_multi_CiteSeer_1,0.9375,0.7916666666666666,0.9629120879120879,0.8461538461538461,0.8333333333333334,1.0
labels_Ind_GCN_deterministic_semi_multi_CiteSeer_1,0.7222222222222223,0.6666666666666666,0.3055555555555555,0.5,0.6666666666666666,0.27777777777777773
itr_Ind_GCN_deterministic_semi_multi_photos_1,0.9651056014692379,0.8974025974025974,0.9420360112631481,0.9583333333333334,0.8352092352092352,0.9506172839506173,30,0.5
labels_Ind_GCN_deterministic_semi_multi_photos_1,1.0,1.0,0.25,1.0,1.0,0.25
Ind_GCN_deterministic_semi_multi_photos_1,0.9307580442645378,0.8415584415584415,0.9289999997216573,0.8350427350427351,0.8509379509379509,0.9753086419753086
labels_Ind_GCN_deterministic_semi_multi_photos_1,0.6666666666666667,0.3333333333333333,0.16666666666666666,0.6666666666666666,0.3333333333333333,0.08333333333333333
Ind_GCN_deterministic_semi_multi_computers_1,0.9460610364263153,0.8631700110573349,0.9456537379909523,0.8840516897816036,0.8540613047655301,1.0
labels_Ind_GCN_deterministic_semi_multi_computers_1,0.8333333333333334,0.6666666666666666,0.13333333333333333,0.6666666666666666,0.6666666666666666,0.1
itr_Ind_GCN_deterministic_semi_multi_Cora_1,0.6871730223106486,0.6287710437710438,0.7622174932190786,0.6904388422035481,0.6607744107744108,0.6582010582010582,16.4,0.5
labels_Ind_GCN_deterministic_semi_multi_Cora_1,0.699365515436944,0.13333333333333333,0.4124484642341786,0.3333333333333333,0.13333333333333333,0.16666666666666666
Ind_GCN_deterministic_semi_multi_Cora_1,0.6441466474509404,0.6769781144781145,0.7247233912110325,0.7018192468056829,0.7816835016835016,0.5785714285714285
labels_Ind_GCN_deterministic_semi_multi_Cora_1,0.7803080847723705,0.3333333333333333,0.5149092970521542,0.25555555555555554,0.3333333333333333,0.26666666666666666
itr_Ind_GCN_deterministic_semi_multi_ACM_1,0.9456111111111111,0.6955555555555556,0.9579333814333815,0.6311111111111111,0.5211111111111111,0.7166666666666667,6.933333333333334,0.5
labels_Ind_GCN_deterministic_semi_multi_ACM_1,0.6746031746031746,0.6666666666666666,0.4373897707231041,0.6599999999999999,0.6666666666666666,0.4274322169059011
Ind_GCN_deterministic_semi_multi_ACM_1,0.9414861111111111,0.7591666666666667,0.9375109659766523,0.771089041677277,0.6416666666666667,0.8166666666666667
labels_Ind_GCN_deterministic_semi_multi_ACM_1,0.680952380952381,0.6,0.4474370279925835,0.7,0.6,0.41269841269841273
Ind_GCN_deterministic_semi_multi_Cora_dgl_1,0.8487671225527937,0.8011395723517434,0.8536970619773758,0.8193485027262909,0.8326384090857775,0.8317131077453086
labels_Ind_GCN_deterministic_semi_multi_Cora_dgl_1,0.8930829799916731,0.74,0.6756214847523415,0.7526788124156546,0.74,0.6834696426598951
Ind_GCN_deterministic_semi_multi_Cora_dgl_1,0.8503741093308433,0.810030854547302,0.8595017809416733,0.837269934752467,0.8304972199643252,0.8379551348611947
labels_Ind_GCN_deterministic_semi_multi_Cora_dgl_1,0.8853474576196592,0.7,0.646284199896595,0.7286135531135529,0.7,0.633526988309597
Ind_GCN_deterministic_semi_multi_Cora_1,0.7401026595278121,0.72467907558918,0.7720024363748403,0.7412855690716269,0.8269708120784971,0.7184603174603175
labels_Ind_GCN_deterministic_semi_multi_Cora_1,0.7973203719324636,0.44,0.4936931352272361,0.5394481658692185,0.44,0.4370765535233992
Ind_GCN_deterministic_semi_multi_Cora_1,0.7656455099281416,0.7324739439988249,0.7866520147579907,0.7540364894948454,0.8073100530342682,0.7951164758300981
labels_Ind_GCN_deterministic_semi_multi_Cora_1,0.7287290994952053,0.35,0.4204378776567726,0.3495974025974026,0.35,0.3329228014381134
Ind_GCN_deterministic_semi_multi_Cora_dgl_1,0.8960033158730485,0.8355613279264595,0.8996634275717831,0.8734371501951932,0.8299690652914338,0.8919486179529283
labels_Ind_GCN_deterministic_semi_multi_Cora_dgl_1,0.8980782412794911,0.71,0.688633094480033,0.7335319582378405,0.71,0.6817352984995919
Trans_GCN_deterministic_semi_multi_Cora_dgl_1,0.8960033158730485,0.8355613279264595,0.8996634275717831,0.8734371501951932,0.8299690652914338,0.8919486179529283
labels_Trans_GCN_deterministic_semi_multi_Cora_dgl_1,0.8980782412794911,0.71,0.688633094480033,0.7335319582378405,0.71,0.6817352984995919
Trans_GCN_deterministic_semi_multi_Cora_dgl_1,0.8503741093308433,0.810030854547302,0.8595017809416733,0.837269934752467,0.8304972199643252,0.8379551348611947
labels_Trans_GCN_deterministic_semi_multi_Cora_dgl_1,0.8853474576196592,0.7,0.646284199896595,0.7286135531135529,0.7,0.633526988309597
Trans_GCN_deterministic_semi_multi_Cora_dgl_1,0.9282718361116856,0.8605283089608747,0.9391844047818682,0.9082210661212128,0.8318073501987976,0.9484196275327107
labels_Trans_GCN_deterministic_semi_multi_Cora_dgl_1,0.9249633517388732,0.87,0.7596802941956001,0.8734718614718615,0.87,0.847643682083605
Trans_GAT_deterministic_semi_multi_CiteSeer_dgl_1,0.9062969495749357,0.82378393175452,0.9215914795181976,0.9001775376384611,0.775990875137934,0.9071111111111111
labels_Trans_GAT_deterministic_semi_multi_CiteSeer_dgl_1,0.9086634404831165,0.82,0.7019852177534732,0.8313178733031674,0.82,0.8127003349414216
Trans_GAT_deterministic_semi_multi_Cora_dgl_1,0.5538050642986843,0.009314703925482368,0.0126726758948449,0.009314703925482368,1.0,0.0129366106080207
labels_Trans_GAT_deterministic_semi_multi_Cora_dgl_1,0.5057822183248282,0.23952095808383234,0.17435168986456803,0.10893460401990511,0.23952095808383234,0.08308021082203787
Trans_GAT_deterministic_semi_multi_Cora_dgl_2,0.9498327239260751,0.9020477563391736,0.20742253624122955,0.07512402551381998,0.8412698412698413,0.07512402551381998
labels_Trans_GAT_deterministic_semi_multi_Cora_dgl_2,0.938777381867548,0.8562874251497006,0.8224779721462331,0.8664254257924062,0.8562874251497006,0.828951246244861
Trans_GAT_deterministic_semi_single_Cora_dgl_2,0.5994026742851457,0.9333555111998226,0.012986665732959571,0.017423771001866834,0.1111111111111111,0.017423771001866834
labels_Trans_GAT_deterministic_semi_single_Cora_dgl_2,0.7812606078621531,0.4431137724550898,0.4283575359921099,0.2769473684210526,0.4431137724550898,0.2453906572964035
Trans_GAT_deterministic_semi_single_CiteSeer_dgl_2,0.7534375166239048,0.9882557189542484,0.021806281325557002,0.023255813953488372,0.005291005291005291,0.023255813953488372
labels_Trans_GAT_deterministic_semi_single_CiteSeer_dgl_2,0.8739670287028161,0.8125,0.7108575136875609,0.781564615939616,0.8125,0.6811448852905965
Trans_GAT_deterministic_semi_single_Cora_dgl_2,0.9488362927192119,0.9017150883418349,0.17883871598362394,0.07934288710241175,0.9007936507936508,0.07934288710241175
labels_Trans_GAT_deterministic_semi_single_Cora_dgl_2,0.916967999881594,0.8562874251497006,0.7978222598343628,0.8713030834881961,0.8562874251497006,0.8185249306276295
Trans_GAT_deterministic_semi_single_CiteSeer_dgl_2,0.9761668787706427,0.9084456699346405,0.3030951458158676,0.08955987717502559,0.9259259259259259,0.08955987717502559
labels_Trans_GAT_deterministic_semi_single_CiteSeer_dgl_2,0.8574688777295786,0.8125,0.6740733389258914,0.7832800018155409,0.8125,0.6800743008739295
Trans_GAT_deterministic_semi_single_photos_dgl_2,0.9562609673422594,0.8536897535288525,0.15713071381803104,0.04542910397069932,0.9564123098043702,0.04542910397069932
labels_Trans_GAT_deterministic_semi_single_photos_dgl_2,0.8655341919208961,0.878099173553719,0.7215089450826452,0.806777637000946,0.878099173553719,0.6981378450668809
Trans_GCN_deterministic_semi_multi_Cora_dgl_2,0.864265785661577,0.844126561691432,0.06667872466501701,0.041194168016662806,0.7063492063492064,0.041194168016662806
labels_Trans_GCN_deterministic_semi_multi_Cora_dgl_2,0.5814882765016084,0.4251497005988024,0.27507657538732355,0.21632098122595386,0.4251497005988024,0.19917837264776042
Trans_GAT_deterministic_semi_multi_Cora_dgl_2,0.9488362927192119,0.9017150883418349,0.17883871598362394,0.07934288710241175,0.9007936507936508,0.07934288710241175
labels_Trans_GAT_deterministic_semi_multi_Cora_dgl_2,0.916967999881594,0.8562874251497006,0.7978222598343628,0.8713030834881961,0.8562874251497006,0.8185249306276295
Trans_GAT_deterministic_semi_multi_Cora_dgl_2,0.9488362927192119,0.9017150883418349,0.17883871598362394,0.07934288710241175,0.9007936507936508,0.07934288710241175
labels_Trans_GAT_deterministic_semi_multi_Cora_dgl_2,0.916967999881594,0.8562874251497006,0.7978222598343628,0.8713030834881961,0.8562874251497006,0.8185249306276295
Trans_GAT_deterministic_semi_multi_Cora_dgl_2,0.5994026742851457,0.9333555111998226,0.012986665732959571,0.017423771001866834,0.1111111111111111,0.017423771001866834
labels_Trans_GAT_deterministic_semi_multi_Cora_dgl_2,0.7812606078621531,0.4431137724550898,0.4283575359921099,0.2769473684210526,0.4431137724550898,0.2453906572964035
Trans_GAT_deterministic_semi_multi_CiteSeer_dgl_2,0.7534375166239048,0.9882557189542484,0.021806281325557002,0.023255813953488372,0.005291005291005291,0.023255813953488372
labels_Trans_GAT_deterministic_semi_multi_CiteSeer_dgl_2,0.8739670287028161,0.8125,0.7108575136875609,0.781564615939616,0.8125,0.6811448852905965
Trans_GAT_deterministic_semi_multi_Cora_dgl_2,0.8901975831542304,0.8383682812690434,0.8938772616573952,0.8773148877598259,0.8277540272443217,0.8730987230357121
labels_Trans_GAT_deterministic_semi_multi_Cora_dgl_2,0.8915995851761844,0.81,0.7552554692746459,0.839185064935065,0.81,0.7917959778044772
Trans_GAT_deterministic_semi_multi_Cora_dgl_2,0.8901975831542304,0.8383682812690434,0.8938772616573952,0.8773148877598259,0.8277540272443217,0.8730987230357121
labels_Trans_GAT_deterministic_semi_multi_Cora_dgl_2,0.8915995851761844,0.81,0.7552554692746459,0.839185064935065,0.81,0.7917959778044772
***********ablation***********************
Trans_AGE_deterministic_semi_single_Cora_dgl_4,0.8686,0.82,0.8603465224530966,0.8636363636363636,0.76,0.95
labels_Trans_AGE_deterministic_semi_single_Cora_dgl_4,0.6172788371948832,0.4,0.2907812082576219,0.1968721133938525,0.4,0.18371161548731643
Trans_AGE_deterministic_semi_multi_Cora_dgl_4,0.8395085635679305,0.7924352622152583,0.8431819117234216,0.8091170650554707,0.8311264699422595,0.8242862195521203
labels_Trans_AGE_deterministic_semi_multi_Cora_dgl_4,0.5939237353915907,0.36,0.2809783793057972,0.1635772357723577,0.36,0.17183288409703504
Trans_AGE_deterministic_semi_single_Cora_dgl_3,0.8741,0.815,0.854204940052705,0.8315789473684211,0.79,0.9
labels_Trans_AGE_deterministic_semi_single_Cora_dgl_3,0.5165560884607903,0.12,0.17312329630813,0.19543038837156484,0.12,0.07061070301488419
Trans_AGE_deterministic_semi_multi_Cora_dgl_3,0.8481120667516044,0.7965285034714099,0.8547622058644301,0.8218944895798246,0.8248915366033657,0.8484146627416013
labels_Trans_AGE_deterministic_semi_multi_Cora_dgl_3,0.5084737268581205,0.11,0.19932289401096312,0.11988721804511279,0.11,0.060269914417379854
Trans_AGE_deterministic_semi_single_Cora_dgl_0,0.7917,0.695,0.781492876998015,0.6344827586206897,0.92,0.825
labels_Trans_AGE_deterministic_semi_single_Cora_dgl_0,0.7989365010136593,0.71,0.5334464006487742,0.6279875986209023,0.71,0.49754003266569724
Trans_AGE_deterministic_semi_multi_Cora_dgl_0,0.7422857111162326,0.705190048444999,0.7541173132543297,0.7167730189704625,0.8086899224747713,0.7010303879060532
labels_Trans_AGE_deterministic_semi_multi_Cora_dgl_0,0.7531050860576913,0.61,0.4602114151177797,0.48380645161290325,0.61,0.38973665223665227
Trans_AGE_deterministic_semi_single_CiteSeer_dgl_4,0.9079,0.85,0.8844066208371297,0.8431372549019608,0.86,0.875
labels_Trans_AGE_deterministic_semi_single_CiteSeer_dgl_4,0.8594816001782277,0.775,0.687124547484169,0.7227896150135885,0.775,0.661030877335225
Trans_AGE_deterministic_semi_multi_CiteSeer_dgl_4,0.8556561732308899,0.7930649367457754,0.8852357355358771,0.8561592946963106,0.7795229943162384,0.843014301430143
labels_Trans_AGE_deterministic_semi_multi_CiteSeer_dgl_4,0.8425291458916276,0.72,0.6298784972354051,0.6502955182072828,0.72,0.623341494150068
Trans_AGE_deterministic_semi_single_CiteSeer_dgl_3,0.9277,0.86,0.9231025843685239,0.8913043478260869,0.82,0.95
labels_Trans_AGE_deterministic_semi_single_CiteSeer_dgl_3,0.5524908401990837,0.17,0.2112426907002735,0.06956928838951311,0.17,0.06389851689420196
Trans_AGE_deterministic_semi_multi_CiteSeer_dgl_3,0.8938872312078086,0.8166822301978097,0.9095411999981772,0.8866009457297273,0.7772933490828074,0.8984362721986484
labels_Trans_AGE_deterministic_semi_multi_CiteSeer_dgl_3,0.5601499044329484,0.16,0.21866419568621423,0.06549397590361446,0.16,0.07199546485260772
Trans_AGE_deterministic_semi_single_CiteSeer_dgl_0,0.3319,0.355,0.3908726669971512,0.21568627450980393,0.11,0.25
labels_Trans_AGE_deterministic_semi_single_CiteSeer_dgl_0,0.8010589246300553,0.705,0.5711477635012402,0.6099760691810436,0.705,0.51356022808268
Trans_AGE_deterministic_semi_multi_CiteSeer_dgl_0,0.36830844637365867,0.513463667795351,0.5010501854384638,0.530745403434806,0.775994637278854,0.22994263712085494
labels_Trans_AGE_deterministic_semi_multi_CiteSeer_dgl_0,0.7755693020547789,0.64,0.5507967928369272,0.5463097492490531,0.64,0.4758600497730933
Trans_AGE_deterministic_semi_single_photos_dgl_4,0.9793999999999999,0.915,0.9699423672867736,0.8878504672897196,0.95,0.975
labels_Trans_AGE_deterministic_semi_single_photos_dgl_4,0.7490189960873053,0.595,0.4780646787987337,0.3946694885361552,0.595,0.37073373486416966
Trans_AGE_deterministic_semi_multi_photos_dgl_4,0.8775914985733809,0.8426540188157189,0.8504059804663029,0.8504872209495274,0.8700052020520819,0.8326254135473948
labels_Trans_AGE_deterministic_semi_multi_photos_dgl_4,0.6970117391163848,0.52,0.32245415775463854,0.40077922077922074,0.52,0.3011104889884285
Trans_AGE_deterministic_semi_single_photos_dgl_3,0.9705,0.94,0.960238380195364,0.9680851063829787,0.91,0.975
labels_Trans_AGE_deterministic_semi_single_photos_dgl_3,0.5159116857977584,0.15,0.1387567573326956,0.10444083969465648,0.15,0.07682022084195997
Trans_AGE_deterministic_semi_multi_photos_dgl_3,0.8964397279233184,0.852729325809735,0.86899689805355,0.871143116155213,0.8581455320880326,0.8585155386353472
labels_Trans_AGE_deterministic_semi_multi_photos_dgl_3,0.5223853313966549,0.12,0.20180433395846636,0.03861833105335157,0.12,0.06480873599439776
Trans_AGE_deterministic_semi_single_photos_dgl_0,0.19779999999999998,0.31,0.35752036941610754,0.1346153846153846,0.07,0.1
labels_Trans_AGE_deterministic_semi_single_photos_dgl_0,0.5958130965526381,0.465,0.22664318332765498,0.22636605783866057,0.465,0.1635996905393457
Trans_AGE_deterministic_semi_multi_photos_dgl_0,0.3009672889523295,0.5460595114747823,0.40664325339269436,0.5352425532974925,0.9404226158708411,0.1605578743170233
labels_Trans_AGE_deterministic_semi_multi_photos_dgl_0,0.5853077380763472,0.47,0.20167016899624696,0.24101190476190473,0.47,0.1538288288288288
Trans_GAT_deterministic_semi_multi_Cora_dgl_2,0.8052096641940466,0.5021834061135371,0.7930199145429683,1.0,0.004366812227074236,1.0
labels_Trans_GAT_deterministic_semi_multi_Cora_dgl_2,0.4966130007439829,0.15938864628820962,0.16508355492169763,0.025404740565587995,0.15938864628820962,0.039278988431530805
Trans_AGE_deterministic_semi_single_Cora_dgl_4,0.9027478499647222,0.8580786026200873,0.8732160020236585,0.853448275862069,0.8646288209606987,0.9130434782608695
labels_Trans_AGE_deterministic_semi_single_Cora_dgl_4,0.5911467150584738,0.31004366812227074,0.2694250166452321,0.13804652736779405,0.31004366812227074,0.15744311324364899
Trans_GIN_deterministic_semi_single_Cora_dgl_2,0.9221982799717778,0.8493449781659389,0.8984009133906519,0.8921568627450981,0.7947598253275109,0.8804347826086957
labels_Trans_GIN_deterministic_semi_single_Cora_dgl_2,0.9379196402164174,0.7991266375545851,0.8130137763649165,0.7627419844127978,0.7991266375545851,0.708519391882802
Trans_GIN_deterministic_semi_single_CiteSeer_dgl_2,0.9664895544016423,0.8708791208791209,0.9438237777884534,0.9530201342281879,0.7802197802197802,0.9452054794520548
labels_Trans_GIN_deterministic_semi_single_CiteSeer_dgl_2,0.8661890826398336,0.8021978021978022,0.6939998339689814,0.7518246579527263,0.8021978021978022,0.6829241585120931
Ind_GAT_deterministic_semi_multi_IMDB_2,0.8209069013072277,0.7519083969465649,0.828574546266051,0.7525510204081632,0.7506361323155216,0.926984126984127
labels_Ind_GAT_deterministic_semi_multi_IMDB_2,0.7788829132959797,0.8161577608142494,0.5977676176675141,0.712214133671672,0.8161577608142494,0.5742883159311809
Ind_GAT_deterministic_semi_multi_Cora_dgl_2,0.9591350279361568,0.9213973799126638,0.943826389286861,0.9177489177489178,0.925764192139738,0.9565217391304348
labels_Ind_GAT_deterministic_semi_multi_Cora_dgl_2,0.9202131346504563,0.8449781659388647,0.8134394445095029,0.8734368933407173,0.8449781659388647,0.823163860349264
Ind_GAT_deterministic_semi_multi_CiteSeer_dgl_2,0.9889807994203599,0.9340659340659341,0.9885170853489558,0.9340659340659341,0.9340659340659341,1.0
labels_Ind_GAT_deterministic_semi_multi_CiteSeer_dgl_2,0.883339353513589,0.8214285714285714,0.7171111807854933,0.7550496869124858,0.8214285714285714,0.7023566262643933
Ind_GAT_deterministic_semi_multi_IMDB_2,0.8209069013072277,0.7519083969465649,0.828574546266051,0.7525510204081632,0.7506361323155216,0.926984126984127
labels_Ind_GAT_deterministic_semi_multi_IMDB_2,0.7788829132959797,0.8161577608142494,0.5977676176675141,0.712214133671672,0.8161577608142494,0.5742883159311809
Ind_GAT_deterministic_semi_single_Cora_dgl_1,0.9546919395129765,0.8930131004366813,0.9441331506418641,0.8879310344827587,0.8995633187772926,0.9565217391304348
labels_Ind_GAT_deterministic_semi_single_Cora_dgl_1,0.9088421114723783,0.7641921397379913,0.785506301855574,0.7919636201287347,0.7641921397379913,0.7007783270447588
